,Unnamed: 0,idx,code,reaction,error
0,0,0,0,[C:1]([C:2]([C:3](=[C:4]([H:34])[H:35])[H:33])=[C:7]([H:36])[H:37])([H:30])([H:31])[H:32].[C:5]1(=[C:6]([H:17])[H:18])[C:8](=[O:9])[C:10]([H:19])([H:20])[C:11]([H:21])([H:22])[C:12]([Br:13])([H:23])[C:14]1([C:15]([H:24])([H:25])[H:26])[C:16]([H:27])([H:28])[H:29]>>[C:1]([C:2]1=[C:3]([H:33])[C:4]([H:34])([H:35])[C@@:5]2([C:6]([H:17])([H:18])[C:7]1([H:36])[H:37])[C:8](=[O:9])[C:10]([H:19])([H:20])[C:11]([H:21])([H:22])[C@@:12]([Br:13])([H:23])[C:14]2([C:15]([H:24])([H:25])[H:26])[C:16]([H:27])([H:28])[H:29])([H:30])([H:31])[H:32],False
1,0,1,1,[C:15](=[C:16]([Cl:17])[C:18]#[N:19])([H:20])[H:21].[C:1](=[C:2]([C:3]([C:4]([C:5]12[C:6](=[O:7])[C:8]([H:29])=[C:9]([H:30])[N:10]1[C:11]([H:31])=[C:12]([H:32])[C:13]([H:33])=[C:14]2[H:34])([H:27])[H:28])([H:25])[H:26])[H:24])([H:22])[H:23]>>[C:1](=[C:2]([C:3]([C:4]([C@:5]12[C:6](=[O:7])[C:8]([H:29])=[C:9]([H:30])[N:10]1[C@:11]1([H:31])[C:12]([H:32])=[C:13]([H:33])[C@@:14]2([H:34])[C:15]([H:20])([H:21])[C@:16]1([Cl:17])[C:18]#[N:19])([H:27])[H:28])([H:25])[H:26])[H:24])([H:22])[H:23],False
2,0,2,2,[C:10]1([H:15])=[C:11]([H:16])[C:12]([H:17])([H:18])[C:13]([H:19])=[C:14]1[H:20].[C:1]([C:2]([O:3][C:4]#[C:5][C:6](=[O:7])[O:8][C:9]([H:26])([H:27])[H:28])([H:24])[H:25])([H:21])([H:22])[H:23]>>[C:1]([C:2]([O:3][C:4]1=[C:5]([C:6](=[O:7])[O:8][C:9]([H:26])([H:27])[H:28])[C:11]2([H:16])[C:10]([H:15])=[C:14]([H:20])[C:13]1([H:19])[C:12]2([H:17])[H:18])([H:24])[H:25])([H:21])([H:22])[H:23],False
3,0,3,3,[C:1]([O:2][C:3](=[O:4])/[C:5](=[C:11](\[C:12](=[O:13])[O:14][C@@:15]([C:16]([H:35])([H:36])[H:37])([C:17]1=[C:18]([H:38])[C:19]([H:39])=[C:20]([H:40])[C:21]([H:41])=[C:22]1[H:42])[H:34])[H:33])[H:32])([H:29])([H:30])[H:31].[C:6]1([H:23])=[C:7]([H:24])[C:8]([H:25])=[C:9]([H:26])[C:10]1([H:27])[H:28]>>[C:1]([O:2][C:3](=[O:4])[C:5]1([H:32])[C:6]2([H:23])[C:7]([H:24])=[C:8]([H:25])[C:9]([H:26])([C:10]2([H:27])[H:28])[C:11]1([C:12](=[O:13])[O:14][C@@:15]([C:16]([H:35])([H:36])[H:37])([C:17]1=[C:18]([H:38])[C:19]([H:39])=[C:20]([H:40])[C:21]([H:41])=[C:22]1[H:42])[H:34])[H:33])([H:29])([H:30])[H:31],False
4,0,4,4,[C:1]([C:2]1=[C:4]([H:19])[C:3]1([H:20])[H:21])([H:16])([H:17])[H:18].[C:5]1([H:10])=[C:6]([H:11])[C:7]([H:12])=[C:8]([H:13])[C:9]1([H:14])[H:15]>>[C:1]([C@@:2]12[C:3]([H:20])([H:21])[C@:4]1([H:19])[C@:5]1([H:10])[C:6]([H:11])=[C:7]([H:12])[C@@:8]2([H:13])[C:9]1([H:14])[H:15])([H:16])([H:17])[H:18],False
5,0,5,5,[C:19](\[C:20](=[O:21])[O:22][C:23]([C:24]([H:40])([H:41])[H:42])([H:38])[H:39])(=[C:25]([C:26](=[C:27](/[C:28]([H:46])([H:47])[H:48])[H:45])/[H:44])\[H:43])[H:37].[C:1]([C:2]([O:3][C:4](=[O:5])[C:6]1=[C:7]2[C:8]3=[C:9]([H:54])[C:10]([H:55])=[C:11]([H:56])[C:12]4=[C:13]([H:57])[C:14]([H:58])=[C:15]([H:59])[C:16](=[C:17]34)[C:18]2=[C:29]([C:30](=[O:31])[O:32][C:33]([C:34]([H:62])([H:63])[H:64])([H:60])[H:61])[C:35]1=[O:36])([H:52])[H:53])([H:49])([H:50])[H:51]>>[C:1]([C:2]([O:3][C:4](=[O:5])[C:6]1=[C:7]2[C:8]3=[C:9]([H:54])[C:10]([H:55])=[C:11]([H:56])[C:12]4=[C:13]([H:57])[C:14]([H:58])=[C:15]([H:59])[C:16](=[C:17]34)[C@:18]23[C:19]([C:20](=[O:21])[O:22][C:23]([C:24]([H:40])([H:41])[H:42])([H:38])[H:39])([H:37])[C:25]([H:43])=[C:26]([H:44])[C@:27]([C:28]([H:46])([H:47])[H:48])([H:45])[C@:29]3([C:30](=[O:31])[O:32][C:33]([C:34]([H:62])([H:63])[H:64])([H:60])[H:61])[C:35]1=[O:36])([H:52])[H:53])([H:49])([H:50])[H:51],False
6,0,6,6,[C:16]1([H:53])=[C:28]([H:54])[C:26](=[O:27])[N:19]([C:20]2=[C:21]([H:55])[C:22]([H:56])=[C:23]([H:57])[C:24]([H:58])=[C:25]2[H:59])[C:17]1=[O:18].[C:1]([C:2]([O:3][P:4](=[O:5])([O:6][C:7]([C:8]([H:39])([H:40])[H:41])([H:37])[H:38])[O:9]/[C:10]([C:11]1=[C:15]([H:42])[C:14]([H:43])([H:44])[C:13]([H:45])([H:46])[C:12]1([H:47])[H:48])=[C:29](\[S:30][C:31]([H:50])([H:51])[H:52])[H:49])([H:35])[H:36])([H:32])([H:33])[H:34]>>[C:1]([C:2]([O:3][P:4](=[O:5])([O:6][C:7]([C:8]([H:39])([H:40])[H:41])([H:37])[H:38])[O:9][C:10]1=[C:11]2[C:12]([H:47])([H:48])[C:13]([H:45])([H:46])[C:14]([H:43])([H:44])[C@@:15]2([H:42])[C@@:16]2([H:53])[C:17](=[O:18])[N:19]([C:20]3=[C:21]([H:55])[C:22]([H:56])=[C:23]([H:57])[C:24]([H:58])=[C:25]3[H:59])[C:26](=[O:27])[C@@:28]2([H:54])[C@:29]1([S:30][C:31]([H:50])([H:51])[H:52])[H:49])([H:35])[H:36])([H:32])([H:33])[H:34],False
7,0,7,7,[C:13]1([H:44])=[C:24]([H:45])[C:22](=[O:23])[C:21]2=[C:16]([C:14]1=[O:15])[C:17]([H:46])=[C:18]([H:47])[C:19]([H:48])=[C:20]2[H:49].[C:1]([C:2]([C:3]([C:4]([C:5]([C:6]([C:7](/[C:8](=[C:9](\[Cl:10])[C:11](=[C:12]([H:42])[H:43])[H:41])[H:40])([H:38])[H:39])([H:36])[H:37])([H:34])[H:35])([H:32])[H:33])([H:30])[H:31])([H:28])[H:29])([H:25])([H:26])[H:27]>>[C:1]([C:2]([C:3]([C:4]([C:5]([C:6]([C:7]([C:8]1([H:40])[C:9]([Cl:10])=[C:11]([H:41])[C:12]([H:42])([H:43])[C:13]2([H:44])[C:14](=[O:15])[C:16]3=[C:17]([H:46])[C:18]([H:47])=[C:19]([H:48])[C:20]([H:49])=[C:21]3[C:22](=[O:23])[C:24]12[H:45])([H:38])[H:39])([H:36])[H:37])([H:34])[H:35])([H:32])[H:33])([H:30])[H:31])([H:28])[H:29])([H:25])([H:26])[H:27],False
8,0,8,8,[C:19]([C:20](=[O:21])[H:24])(=[C:22]([H:25])[H:26])[H:23].[C:1]([C:2](/[C:3](=[C:4]([C:5](=[C:6](/[O:7][C:8](=[O:9])[C@@:10]([O:11][C:12]([H:37])([H:38])[H:39])([C:13]1=[C:14]([H:40])[C:15]([H:41])=[C:16]([H:42])[C:17]([H:43])=[C:18]1[H:44])[H:36])[H:35])/[H:34])\[H:33])[H:32])([H:30])[H:31])([H:27])([H:28])[H:29]>>[C:1]([C:2]([C@@:3]1([H:32])[C:4]([H:33])=[C:5]([H:34])[C@:6]([O:7][C:8](=[O:9])[C@@:10]([O:11][C:12]([H:37])([H:38])[H:39])([C:13]2=[C:14]([H:40])[C:15]([H:41])=[C:16]([H:42])[C:17]([H:43])=[C:18]2[H:44])[H:36])([H:35])[C@:19]([C:20](=[O:21])[H:24])([H:23])[C:22]1([H:25])[H:26])([H:30])[H:31])([H:27])([H:28])[H:29],False
9,0,9,9,[C:1]([O:2][C:3]1([O:4][C:5]([H:25])([H:26])[H:27])[C:6]([Cl:7])=[C:16]([Cl:17])[C:14]([Cl:15])=[C:12]1[Cl:13])([H:22])([H:23])[H:24].[C:8](=[C:9]([C:10](=[O:11])[H:21])[H:20])([H:18])[H:19]>>[C:1]([O:2][C:3]1([O:4][C:5]([H:25])([H:26])[H:27])[C:6]2([Cl:7])[C:8]([H:18])([H:19])[C:9]([C:10](=[O:11])[H:21])([H:20])[C:12]1([Cl:13])[C:14]([Cl:15])=[C:16]2[Cl:17])([H:22])([H:23])[H:24],False
10,0,10,10,[C:8](=[C:9]1[C:10](=[C:15]([H:19])[H:20])[C:11]([H:21])([H:22])[C:12]([H:23])([H:24])[C:13]([H:25])([H:26])[C:14]1([H:27])[H:28])([H:17])[H:18].[O:1]=[C:2]1[C:3]([H:29])=[C:4]([H:30])[C:5](=[O:6])[C:7]([H:31])=[C:16]1[H:32]>>[O:1]=[C:2]1[C:3]([H:29])=[C:4]([H:30])[C:5](=[O:6])[C@:7]2([H:31])[C:8]([H:17])([H:18])[C:9]3=[C:10]([C:11]([H:21])([H:22])[C:12]([H:23])([H:24])[C:13]([H:25])([H:26])[C:14]3([H:27])[H:28])[C:15]([H:19])([H:20])[C@:16]12[H:32],False
11,0,11,11,[C:1]([C:2]([O:3][C:4](=[O:5])[C:6]([N:7]1/[C:8](=[C:9](/[C:10]#[N:11])[C:12](=[O:13])[O:14][C:15]([H:40])([H:41])[H:42])[C:16]([H:43])=[C:17]([H:44])[C:18]([H:45])=[C:19]1[H:46])([H:38])[H:39])([H:36])[H:37])([H:33])([H:34])[H:35].[C:20]1([H:47])=[C:32]([H:48])[C:30](=[O:31])[N:23]([C:24]2=[C:25]([H:49])[C:26]([H:50])=[C:27]([H:51])[C:28]([H:52])=[C:29]2[H:53])[C:21]1=[O:22]>>[C:1]([C:2]([O:3][C:4](=[O:5])[C:6]([N:7]1/[C:8](=[C:9](\[C:10]#[N:11])[C:12](=[O:13])[O:14][C:15]([H:40])([H:41])[H:42])[C@@:16]2([H:43])[C:17]([H:44])=[C:18]([H:45])[C@:19]1([H:46])[C@:20]1([H:47])[C:21](=[O:22])[N:23]([C:24]3=[C:25]([H:49])[C:26]([H:50])=[C:27]([H:51])[C:28]([H:52])=[C:29]3[H:53])[C:30](=[O:31])[C@:32]21[H:48])([H:38])[H:39])([H:36])[H:37])([H:33])([H:34])[H:35],False
12,0,12,12,[C:19]1([H:27])=[C:20]([H:28])[C:21]([H:29])=[C:22]([H:30])[C:23]([H:31])([H:32])[C:24]1([H:33])[H:34].[C:1]([C:2]([C:3]([H:38])([H:39])[H:40])([C:4]([H:41])([H:42])[H:43])[C:5]1=[C:6]([H:44])[C:7]([H:45])=[C:8]([C:9](=[O:10])/[C:11](=[C:12](/[C:13]2=[C:14]([H:48])[C:15]([H:49])=[C:16]([H:50])[C:17]([H:51])=[C:18]2[H:52])[H:47])[H:46])[C:25]([H:53])=[C:26]1[H:54])([H:35])([H:36])[H:37]>>[C:1]([C:2]([C:3]([H:38])([H:39])[H:40])([C:4]([H:41])([H:42])[H:43])[C:5]1=[C:6]([H:44])[C:7]([H:45])=[C:8]([C:9](=[O:10])[C@:11]2([H:46])[C@:12]([C:13]3=[C:14]([H:48])[C:15]([H:49])=[C:16]([H:50])[C:17]([H:51])=[C:18]3[H:52])([H:47])[C@:19]3([H:27])[C:20]([H:28])=[C:21]([H:29])[C@@:22]2([H:30])[C:23]([H:31])([H:32])[C:24]3([H:33])[H:34])[C:25]([H:53])=[C:26]1[H:54])([H:35])([H:36])[H:37],False
13,0,13,13,[C:16](=[C:17]([O:18][C:19]([C:20]1=[C:21]([H:31])[C:22]([H:32])=[C:23]([H:33])[C:24]([H:34])=[C:25]1[H:35])([H:29])[H:30])[H:28])([H:26])[H:27].[C:1]([O:2][C:3](=[O:4])[C:5]1=[C:15]([H:39])[C:10]([O:11][C:12]([H:40])([H:41])[H:42])([O:13][C:14]([H:43])([H:44])[H:45])[C:8](=[O:9])[C:7]([H:46])=[C:6]1[H:47])([H:36])([H:37])[H:38]>>[C:1]([O:2][C:3](=[O:4])[C:5]1=[C:6]([H:47])[C@@:7]2([H:46])[C:8](=[O:9])[C:10]([O:11][C:12]([H:40])([H:41])[H:42])([O:13][C:14]([H:43])([H:44])[H:45])[C@:15]1([H:39])[C:16]([H:26])([H:27])[C@:17]2([O:18][C:19]([C:20]1=[C:21]([H:31])[C:22]([H:32])=[C:23]([H:33])[C:24]([H:34])=[C:25]1[H:35])([H:29])[H:30])[H:28])([H:36])([H:37])[H:38],False
14,0,14,14,[C:14](=[C:15]([C:16](=[O:17])[H:49])[H:48])([H:46])[H:47].[C:1]([C:2]1=[C:3]([H:31])[C:4]([H:32])=[C:5]([N:6]2[C:7](=[O:8])[C@@:9]([C:10](=[C:11]([C:12](=[C:13]([H:37])[H:38])[H:36])[H:35])[H:34])([H:33])[C@:18]2([C:19]2=[C:20]([H:40])[C:21]([H:41])=[C:22]([Cl:23])[C:24]([H:42])=[C:25]2[H:43])[H:39])[C:26]([H:44])=[C:27]1[H:45])([H:28])([H:29])[H:30]>>[C:1]([C:2]1=[C:3]([H:31])[C:4]([H:32])=[C:5]([N:6]2[C:7](=[O:8])[C@@:9]([C@@:10]3([H:34])[C:11]([H:35])=[C:12]([H:36])[C:13]([H:37])([H:38])[C:14]([H:46])([H:47])[C@:15]3([C:16](=[O:17])[H:49])[H:48])([H:33])[C@:18]2([C:19]2=[C:20]([H:40])[C:21]([H:41])=[C:22]([Cl:23])[C:24]([H:42])=[C:25]2[H:43])[H:39])[C:26]([H:44])=[C:27]1[H:45])([H:28])([H:29])[H:30],False
15,0,15,15,[C:1]([C:2]([C:3]([C:4]([H:32])([H:33])[H:34])=[C:5]([H:35])[H:36])=[C:28]([H:37])[H:38])([H:29])([H:30])[H:31].[C:6](\[C:7](=[O:8])[C:9]1=[C:10]([H:40])[C:11]([C:12]([H:41])([H:42])[H:43])=[C:13]([H:44])[C:14]([H:45])=[C:15]1[C:16]([H:46])([H:47])[H:48])(=[C:17](/[C:18](=[O:19])[C:20]1=[C:21]([H:50])[C:22]([C:23]([H:51])([H:52])[H:53])=[C:24]([H:54])[C:25]([H:55])=[C:26]1[C:27]([H:56])([H:57])[H:58])[H:49])[H:39]>>[C:1]([C:2]1=[C:3]([C:4]([H:32])([H:33])[H:34])[C:5]([H:35])([H:36])[C@@:6]([C:7](=[O:8])[C:9]2=[C:10]([H:40])[C:11]([C:12]([H:41])([H:42])[H:43])=[C:13]([H:44])[C:14]([H:45])=[C:15]2[C:16]([H:46])([H:47])[H:48])([H:39])[C@:17]([C:18](=[O:19])[C:20]2=[C:21]([H:50])[C:22]([C:23]([H:51])([H:52])[H:53])=[C:24]([H:54])[C:25]([H:55])=[C:26]2[C:27]([H:56])([H:57])[H:58])([H:49])[C:28]1([H:37])[H:38])([H:29])([H:30])[H:31],False
16,0,16,16,[C:18]1([H:24])=[C:19]([H:25])[C:20]([H:26])=[C:21]([H:27])[C:22]([H:28])([H:29])[C:23]1([H:30])[H:31].[C:1]([C:2]([O:3][P:4](=[O:5])([O:6][C:7]([C:8]([H:39])([H:40])[H:41])([H:37])[H:38])[C:9]#[C:10][C:11]([F:12])([F:13])[C:14]([F:15])([F:16])[F:17])([H:35])[H:36])([H:32])([H:33])[H:34]>>[C:1]([C:2]([O:3][P:4](=[O:5])([O:6][C:7]([C:8]([H:39])([H:40])[H:41])([H:37])[H:38])[C:9]1=[C:10]([C:11]([F:12])([F:13])[C:14]([F:15])([F:16])[F:17])[C@@:18]2([H:24])[C:19]([H:25])=[C:20]([H:26])[C@:21]1([H:27])[C:22]([H:28])([H:29])[C:23]2([H:30])[H:31])([H:35])[H:36])([H:32])([H:33])[H:34],False
17,0,17,17,[C:1]([O:2][C:3](=[O:4])/[C:5](=[C:11](/[S:12](=[O:13])[C:14]1=[C:15]([H:31])[C:16]([H:32])=[C:17]([H:33])[C:18]([H:34])=[C:19]1[H:35])[H:30])[H:29])([H:26])([H:27])[H:28].[C:6]1([H:20])=[C:7]([H:21])[C:8]([H:22])=[C:9]([H:23])[C:10]1([H:24])[H:25]>>[C:1]([O:2][C:3](=[O:4])[C:5]1([H:29])[C:6]2([H:20])[C:7]([H:21])=[C:8]([H:22])[C:9]([H:23])([C:10]2([H:24])[H:25])[C:11]1([S:12](=[O:13])[C:14]1=[C:15]([H:31])[C:16]([H:32])=[C:17]([H:33])[C:18]([H:34])=[C:19]1[H:35])[H:30])([H:26])([H:27])[H:28],False
18,0,18,18,[C:10]1([H:23])=[C:11]([H:24])[C:12]([H:25])=[C:13]([H:26])[C:14]1([H:27])[H:28].[C:1]([C:2]([C:3]([H:33])([H:34])[H:35])([C:4]1([H:36])[O:5][C:6](=[O:7])[C:8](=[C:9]([H:37])[H:38])[N:15]=[C:16]1[C:17]1=[C:18]([H:39])[C:19]([H:40])=[C:20]([H:41])[C:21]([H:42])=[C:22]1[H:43])[H:32])([H:29])([H:30])[H:31]>>[C:1]([C:2]([C:3]([H:33])([H:34])[H:35])([C@@:4]1([H:36])[O:5][C:6](=[O:7])[C@@:8]2([C:9]([H:37])([H:38])[C@@:10]3([H:23])[C:11]([H:24])=[C:12]([H:25])[C@:13]2([H:26])[C:14]3([H:27])[H:28])[N:15]=[C:16]1[C:17]1=[C:18]([H:39])[C:19]([H:40])=[C:20]([H:41])[C:21]([H:42])=[C:22]1[H:43])[H:32])([H:29])([H:30])[H:31],False
19,0,19,19,[C:11]1([H:35])=[C:18]([H:36])[C:16](=[O:17])[C:15]([H:37])=[C:14]([H:38])[C:12]1=[O:13].[C:1]([C:2]([C:3]([H:23])([H:24])[H:25])([C:4]1=[C:5]([H:26])[C:6]([H:27])=[C:7]([C:8]([H:28])([H:29])[H:30])[C:9]([H:31])([H:32])[C:10]1([H:33])[H:34])[H:22])([H:19])([H:20])[H:21]>>[C:1]([C:2]([C:3]([H:23])([H:24])[H:25])([C@@:4]12[C:5]([H:26])=[C:6]([H:27])[C@@:7]([C:8]([H:28])([H:29])[H:30])([C:9]([H:31])([H:32])[C:10]1([H:33])[H:34])[C@@:11]1([H:35])[C:12](=[O:13])[C:14]([H:38])=[C:15]([H:37])[C:16](=[O:17])[C@@:18]21[H:36])[H:22])([H:19])([H:20])[H:21],False
20,0,20,20,[C:17]([C:18]1=[C:19]([H:38])[C:20]([H:39])=[C:21]([H:40])[C:22]([H:41])=[C:23]1[H:42])(=[C:24]([C:25](=[C:26]([C:27]1=[C:28]([H:46])[C:29]([H:47])=[C:30]([H:48])[C:31]([H:49])=[C:32]1[H:50])[H:45])[H:44])[H:43])[H:37].[C:1]([C:2]1([C:3]([H:54])([H:55])[H:56])[O:4][B:5]([C:6]([B:7]2[O:8][C:9]([C:10]([H:57])([H:58])[H:59])([C:11]([H:60])([H:61])[H:62])[C:12]([C:13]([H:63])([H:64])[H:65])([C:14]([H:66])([H:67])[H:68])[O:15]2)=[C:16]([H:69])[H:70])[O:33][C:34]1([C:35]([H:71])([H:72])[H:73])[C:36]([H:74])([H:75])[H:76])([H:51])([H:52])[H:53]>>[C:1]([C:2]1([C:3]([H:54])([H:55])[H:56])[O:4][B:5]([C:6]2([B:7]3[O:8][C:9]([C:10]([H:57])([H:58])[H:59])([C:11]([H:60])([H:61])[H:62])[C:12]([C:13]([H:63])([H:64])[H:65])([C:14]([H:66])([H:67])[H:68])[O:15]3)[C:16]([H:69])([H:70])[C@@:17]([C:18]3=[C:19]([H:38])[C:20]([H:39])=[C:21]([H:40])[C:22]([H:41])=[C:23]3[H:42])([H:37])[C:24]([H:43])=[C:25]([H:44])[C@@:26]2([C:27]2=[C:28]([H:46])[C:29]([H:47])=[C:30]([H:48])[C:31]([H:49])=[C:32]2[H:50])[H:45])[O:33][C:34]1([C:35]([H:71])([H:72])[H:73])[C:36]([H:74])([H:75])[H:76])([H:51])([H:52])[H:53],False
21,0,21,21,[C:11]1([H:18])=[C:12]([H:19])[C:13]([H:20])=[C:14]([H:21])[C:15]12[C:16]([H:22])([H:23])[C:17]2([H:24])[H:25].[C:1]([C:2]1=[C:3]([C:4]([H:29])([H:30])[H:31])[C:5](=[O:6])[C:7]([H:32])=[C:8]([H:33])[C:9]1=[O:10])([H:26])([H:27])[H:28]>>[C:1]([C:2]1=[C:3]([C:4]([H:29])([H:30])[H:31])[C:5](=[O:6])[C@@:7]2([H:32])[C@@:8]([H:33])([C:9]1=[O:10])[C@@:11]1([H:18])[C:12]([H:19])=[C:13]([H:20])[C@:14]2([H:21])[C:15]12[C:16]([H:22])([H:23])[C:17]2([H:24])[H:25])([H:26])([H:27])[H:28],False
22,0,22,22,[C:1]([O:2][P:3](=[O:4])([O:5][C:6]([H:23])([H:24])[H:25])[C:7](=[C:8]([H:27])[H:28])[H:26])([H:20])([H:21])[H:22].[C:9]1([Cl:10])=[C:11]([Cl:12])[C:13]([Cl:14])=[C:15]([Cl:16])[C:17]1([Cl:18])[Cl:19]>>[C:1]([O:2][P:3](=[O:4])([O:5][C:6]([H:23])([H:24])[H:25])[C@:7]1([H:26])[C:8]([H:27])([H:28])[C@:9]2([Cl:10])[C:11]([Cl:12])=[C:13]([Cl:14])[C@@:15]1([Cl:16])[C:17]2([Cl:18])[Cl:19])([H:20])([H:21])[H:22],False
23,0,23,23,[C:1]([C:2]([C:3]([H:22])([H:23])[H:24])=[C:4]1[C:5]([H:25])=[C:6]([H:26])[C:7]([H:27])=[C:8]1[H:28])([H:19])([H:20])[H:21].[C:9]([C:10]([H:14])([H:15])[H:16])([C:11]#[N:12])=[C:13]([H:17])[H:18]>>[C:1]([C:2]([C:3]([H:22])([H:23])[H:24])=[C:4]1[C:5]2([H:25])[C:6]([H:26])=[C:7]([H:27])[C:8]1([H:28])[C:9]([C:10]([H:14])([H:15])[H:16])([C:11]#[N:12])[C:13]2([H:17])[H:18])([H:19])([H:20])[H:21],False
24,0,24,24,[C:1]([O:2][C:3](=[O:4])[C:5]1=[C:26]([H:52])[C:27]([H:53])([H:54])[C:28]([H:55])([H:56])[C:29]1=[O:30])([H:49])([H:50])[H:51].[C:6](=[C:7]([O:8][C:9]([C:10]1=[C:11]([H:35])[C:12]([H:36])=[C:13]([H:37])[C:14]([H:38])=[C:15]1[H:39])([H:33])[H:34])[C:16]([O:17][C:18]([C:19]1=[C:20]([H:42])[C:21]([H:43])=[C:22]([H:44])[C:23]([H:45])=[C:24]1[H:46])([H:40])[H:41])=[C:25]([H:47])[H:48])([H:31])[H:32]>>[C:1]([O:2][C:3](=[O:4])[C@:5]12[C:6]([H:31])([H:32])[C:7]([O:8][C:9]([C:10]3=[C:11]([H:35])[C:12]([H:36])=[C:13]([H:37])[C:14]([H:38])=[C:15]3[H:39])([H:33])[H:34])=[C:16]([O:17][C:18]([C:19]3=[C:20]([H:42])[C:21]([H:43])=[C:22]([H:44])[C:23]([H:45])=[C:24]3[H:46])([H:40])[H:41])[C:25]([H:47])([H:48])[C@@:26]1([H:52])[C:27]([H:53])([H:54])[C:28]([H:55])([H:56])[C:29]2=[O:30])([H:49])([H:50])[H:51],False
25,0,25,25,[C:10]1([H:33])=[C:22]([H:34])[C:20](=[O:21])[N:13]([C:14]2=[C:15]([H:35])[C:16]([H:36])=[C:17]([H:37])[C:18]([H:38])=[C:19]2[H:39])[C:11]1=[O:12].[C:1]([O:2][C:3](=[O:4])/[C:5](=[C:6]([C:7](=[C:8](/[C:9]([H:30])([H:31])[H:32])[H:29])/[H:28])\[H:27])[H:26])([H:23])([H:24])[H:25]>>[C:1]([O:2][C:3](=[O:4])[C@@:5]1([H:26])[C:6]([H:27])=[C:7]([H:28])[C@:8]([C:9]([H:30])([H:31])[H:32])([H:29])[C@@:10]2([H:33])[C:11](=[O:12])[N:13]([C:14]3=[C:15]([H:35])[C:16]([H:36])=[C:17]([H:37])[C:18]([H:38])=[C:19]3[H:39])[C:20](=[O:21])[C@@:22]12[H:34])([H:23])([H:24])[H:25],False
26,0,26,26,[C:12]1([H:29])=[C:13]([H:30])[C:14]([H:31])=[C:15]([H:32])[C:16]([H:33])([H:34])[C:17]1([H:35])[H:36].[C:1]([C:2]([O:3][C:4](=[O:5])[C@@:6]([C:7]([H:43])([H:44])[H:45])([O:8][C:9](=[O:10])/[C:11](=[C:18](/[C:19](=[O:20])[O:21][C@:22]([C:23]([H:49])([H:50])[H:51])([C:24](=[O:25])[O:26][C:27]([C:28]([H:54])([H:55])[H:56])([H:52])[H:53])[H:48])[H:47])[H:46])[H:42])([H:40])[H:41])([H:37])([H:38])[H:39]>>[C:1]([C:2]([O:3][C:4](=[O:5])[C@@:6]([C:7]([H:43])([H:44])[H:45])([O:8][C:9](=[O:10])[C@@:11]1([H:46])[C@:12]2([H:29])[C:13]([H:30])=[C:14]([H:31])[C@@:15]([H:32])([C:16]([H:33])([H:34])[C:17]2([H:35])[H:36])[C@@:18]1([C:19](=[O:20])[O:21][C@:22]([C:23]([H:49])([H:50])[H:51])([C:24](=[O:25])[O:26][C:27]([C:28]([H:54])([H:55])[H:56])([H:52])[H:53])[H:48])[H:47])[H:42])([H:40])[H:41])([H:37])([H:38])[H:39],False
27,0,27,27,[C:17]1([H:25])=[C:18]([H:26])[C:19]([H:27])=[C:20]([H:28])[C:21]1([H:29])[H:30].[C:1]([O:2][C:3](=[O:4])[C@:5]([C:6]([C:7]1=[C:8]([H:37])[C:9]([H:38])=[C:10]([H:39])[C:11]([H:40])=[C:12]1[H:41])([H:35])[H:36])([N:13]1[C:14](=[O:15])[C:16]([H:42])=[C:22]([H:43])[C:23]1=[O:24])[H:34])([H:31])([H:32])[H:33]>>[C:1]([O:2][C:3](=[O:4])[C@:5]([C:6]([C:7]1=[C:8]([H:37])[C:9]([H:38])=[C:10]([H:39])[C:11]([H:40])=[C:12]1[H:41])([H:35])[H:36])([N:13]1[C:14](=[O:15])[C@@:16]2([H:42])[C@@:17]3([H:25])[C:18]([H:26])=[C:19]([H:27])[C@:20]([H:28])([C:21]3([H:29])[H:30])[C@@:22]2([H:43])[C:23]1=[O:24])[H:34])([H:31])([H:32])[H:33],False
28,0,28,28,[C:9](=[C:10]([C:11](=[C:12]1[C:13]([H:19])([H:20])[C:14]1([H:21])[H:22])[H:18])[H:17])([H:15])[H:16].[O:1]=[C:2]1[C:3]([H:23])=[C:4]([H:24])[C:5](=[O:6])[C:7]([H:25])=[C:8]1[H:26]>>[O:1]=[C:2]1[C:3]([H:23])=[C:4]([H:24])[C:5](=[O:6])[C@:7]2([H:25])[C@@:8]1([H:26])[C:9]([H:15])([H:16])[C:10]([H:17])=[C:11]([H:18])[C:12]21[C:13]([H:19])([H:20])[C:14]1([H:21])[H:22],False
29,0,29,29,[C:7]1([H:19])=[C:8]([H:20])[C:9]([H:21])=[C:10]([H:22])[C:11]1([H:23])[H:24].[O:1]=[C:2]([O:3][C:4]([C:5](=[C:6]([H:28])[H:29])[H:27])([H:25])[H:26])[C:12]1=[C:13]([H:30])[C:14]([H:31])=[C:15]([Br:16])[C:17]([H:32])=[C:18]1[H:33]>>[O:1]=[C:2]([O:3][C:4]([C@:5]1([H:27])[C:6]([H:28])([H:29])[C@:7]2([H:19])[C:8]([H:20])=[C:9]([H:21])[C@@:10]1([H:22])[C:11]2([H:23])[H:24])([H:25])[H:26])[C:12]1=[C:13]([H:30])[C:14]([H:31])=[C:15]([Br:16])[C:17]([H:32])=[C:18]1[H:33],False
30,0,30,30,[C:10]1([H:19])=[C:15]([H:20])[C:14]([H:21])([H:22])[C:13]([H:23])([H:24])[C:12]([H:25])=[C:11]1[H:26].[C:1]([C:2](=[O:3])[C:4]1=[C:5]([Cl:6])[C:7](=[O:8])[C:9]([H:30])=[C:16]([H:31])[C:17]1=[O:18])([H:27])([H:28])[H:29]>>[C:1]([C:2](=[O:3])[C:4]1=[C:5]([Cl:6])[C:7](=[O:8])[C:9]2([H:30])[C:12]3([H:25])[C:11]([H:26])=[C:10]([H:19])[C:15]([H:20])([C:14]([H:21])([H:22])[C:13]3([H:24])[H:23])[C:16]2([H:31])[C:17]1=[O:18])([H:27])([H:28])[H:29],False
31,0,31,31,[C:1](=[C:2]([C:3]([C:4]([H:28])([H:29])[H:30])=[C:5]([H:31])[H:32])[C:8]([H:33])([H:34])[H:35])([H:26])[H:27].[C:6]1([H:36])=[C:7]([H:37])[C:9](=[O:10])[C@:11]([O:12][Si:13]([C:14]([H:39])([H:40])[H:41])([C:15]([H:42])([H:43])[H:44])[C:16]([C:17]([H:45])([H:46])[H:47])([C:18]([H:48])([H:49])[H:50])[C:19]([H:51])([H:52])[H:53])([H:38])[C@@:20]1([O:21][C:22]([C:23]([H:55])([H:56])[H:57])([C:24]([H:58])([H:59])[H:60])[C:25]([H:61])([H:62])[H:63])[H:54]>>[C:8]([C:2]1=[C:3]([C:4]([H:28])([H:29])[H:30])[C:5]([H:31])([H:32])[C:6]2([H:36])[C:7]([H:37])([C:1]1([H:27])[H:26])[C:9](=[O:10])[C@:11]([O:12][Si:13]([C:14]([H:39])([H:40])[H:41])([C:15]([H:42])([H:43])[H:44])[C:16]([C:17]([H:45])([H:46])[H:47])([C:18]([H:48])([H:49])[H:50])[C:19]([H:51])([H:52])[H:53])([H:38])[C@@:20]2([O:21][C:22]([C:23]([H:55])([H:56])[H:57])([C:24]([H:58])([H:59])[H:60])[C:25]([H:61])([H:62])[H:63])[H:54])([H:34])([H:35])[H:33],False
32,0,32,32,[C:1]([O:2][C:3](=[O:4])/[C:5](=[C:21](\[C:22](=[O:23])[O:24][C:25]([H:47])([H:48])[H:49])[H:46])[H:45])([H:42])([H:43])[H:44].[C:6](=[C:7]([C:8]([C:9]([H:28])([H:29])[H:30])([O:10][H:31])[C:11]1=[C:12]([H:32])[C:13]([H:33])=[C:14]([O:15][C:16]([H:34])([H:35])[H:36])[C:17]([H:37])=[C:18]1[H:38])[C:19](=[C:20]([H:40])[H:41])[H:39])([H:26])[H:27]>>[C:1]([O:2][C:3](=[O:4])[C@@:5]1([H:45])[C:6]([H:26])([H:27])[C:7]([C:8]([C:9]([H:28])([H:29])[H:30])([O:10][H:31])[C:11]2=[C:12]([H:32])[C:13]([H:33])=[C:14]([O:15][C:16]([H:34])([H:35])[H:36])[C:17]([H:37])=[C:18]2[H:38])=[C:19]([H:39])[C:20]([H:40])([H:41])[C@:21]1([C:22](=[O:23])[O:24][C:25]([H:47])([H:48])[H:49])[H:46])([H:42])([H:43])[H:44],False
33,0,33,33,[C:23]1([H:46])=[C:24]([H:47])[C:25]([H:48])=[C:26]([Br:27])[C@:28]([O:29][H:50])([H:49])[C@:30]1([O:31][H:52])[H:51].[O:1]=[C:2](/[C:3](=[C:4](/[C:5]1=[C:6]([H:36])[C:7]([H:37])=[C:8]([F:9])[C:10]([H:38])=[C:11]1[H:39])[H:35])[H:34])[C:12]1=[C:13]([H:40])[C:14]([H:41])=[C:15]([N:16]2[C:17](=[O:18])[C:19]([H:42])=[C:20]([H:43])[C:21]2=[O:22])[C:32]([H:44])=[C:33]1[H:45]>>[O:1]=[C:2](/[C:3](=[C:4](/[C:5]1=[C:6]([H:36])[C:7]([H:37])=[C:8]([F:9])[C:10]([H:38])=[C:11]1[H:39])[H:35])[H:34])[C:12]1=[C:13]([H:40])[C:14]([H:41])=[C:15]([N:16]2[C:17](=[O:18])[C@:19]3([H:42])[C@:20]([H:43])([C:21]2=[O:22])[C@:23]2([H:46])[C:24]([H:47])=[C:25]([H:48])[C@@:26]3([Br:27])[C@@:28]([O:29][H:50])([H:49])[C@@:30]2([O:31][H:52])[H:51])[C:32]([H:44])=[C:33]1[H:45],False
34,0,34,34,[C:13]1([H:42])=[C:25]([H:43])[C:23](=[O:24])[C:22]2=[C:16]([C:14]1=[O:15])[C:17]([H:44])=[C:18]([H:45])[C:19]([H:46])=[C:20]2[O:21][H:47].[C:1]([O:2]/[C:3](=[C:4](/[C:5]1=[C:12]([H:31])[C@:10]([O:11][H:33])([H:32])[C:9]([H:34])([H:35])[C@:7]([C:8]([H:37])([H:38])[H:39])([H:36])[C:6]1([H:40])[H:41])[H:30])[H:29])([H:26])([H:27])[H:28]>>[C:1]([O:2][C@@:3]1([H:29])[C:4]([H:30])=[C:5]2[C:6]([H:40])([H:41])[C@@:7]([C:8]([H:37])([H:38])[H:39])([H:36])[C:9]([H:34])([H:35])[C@@:10]([O:11][H:33])([H:32])[C@@:12]2([H:31])[C@@:13]2([H:42])[C:14](=[O:15])[C:16]3=[C:17]([H:44])[C:18]([H:45])=[C:19]([H:46])[C:20]([O:21][H:47])=[C:22]3[C:23](=[O:24])[C@@:25]12[H:43])([H:26])([H:27])[H:28],False
35,0,35,35,[C:10]1([H:16])=[C:11]([H:17])[C:12]([H:18])=[C:13]([H:19])[C:14]1([H:20])[H:21].[C:1]([C:2]1([C:3]([H:25])([H:26])[H:27])[N:4]=[N:5][C:6]([N+:7](=[O:8])[O-:9])=[C:15]1[H:28])([H:22])([H:23])[H:24]>>[C:1]([C:2]1([C:3]([H:25])([H:26])[H:27])[N:4]=[N:5][C@:6]2([N+:7](=[O:8])[O-:9])[C@@:10]3([H:16])[C:11]([H:17])=[C:12]([H:18])[C@:13]([H:19])([C:14]3([H:20])[H:21])[C@:15]12[H:28])([H:22])([H:23])[H:24],False
36,0,36,36,[C:1](=[C:2]([C:3]([O:4][C:5](=[O:6])[N:7]([C:8](=[O:9])[O:10][C:11]([C:12](=[C:13]([H:50])[H:51])[H:49])([H:47])[H:48])[N:14]([C:15](=[C:16]([C:17]([H:53])([H:54])[H:55])[C:18]([C:19]([H:56])([H:57])[H:58])=[C:20]([H:59])[H:60])[H:52])[S:31]([C:32]([H:61])([H:62])[H:63])(=[O:33])=[O:34])([H:45])[H:46])[H:44])([H:42])[H:43].[C:21](=[C:22]([C:23](=[O:24])[N:25]1[C:26]([H:38])([H:39])[C:27]([H:40])([H:41])[O:28][C:29]1=[O:30])[H:37])([H:35])[H:36]>>[C:1](=[C:2]([C:3]([O:4][C:5](=[O:6])[N:7]([C:8](=[O:9])[O:10][C:11]([C:12](=[C:13]([H:50])[H:51])[H:49])([H:47])[H:48])[N:14]([C@@:15]1([H:52])[C:16]([C:17]([H:53])([H:54])[H:55])=[C:18]([C:19]([H:56])([H:57])[H:58])[C:20]([H:59])([H:60])[C:21]([H:35])([H:36])[C@@:22]1([C:23](=[O:24])[N:25]1[C:26]([H:38])([H:39])[C:27]([H:40])([H:41])[O:28][C:29]1=[O:30])[H:37])[S:31]([C:32]([H:61])([H:62])[H:63])(=[O:33])=[O:34])([H:45])[H:46])[H:44])([H:42])[H:43],False
37,0,37,37,[C:1]([C:2]([C:3]([C:4](=[C:5]([H:20])[H:21])[H:19])=[C:13]([H:22])[H:23])([H:17])[H:18])([H:14])([H:15])[H:16].[C:6]1([H:24])=[C:12]([H:25])[C:10](=[O:11])[O:9][C:7]1=[O:8]>>[C:1]([C:2]([C:3]1=[C:4]([H:19])[C:5]([H:20])([H:21])[C:6]2([H:24])[C:7](=[O:8])[O:9][C:10](=[O:11])[C:12]2([H:25])[C:13]1([H:22])[H:23])([H:17])[H:18])([H:14])([H:15])[H:16],False
38,0,38,38,[C:1]([C:2](=[O:3])[C:4](=[C:5]([H:60])[H:61])[H:59])([H:56])([H:57])[H:58].[C:6](=[C:7]([B:8]1[O:9][C:10]([C:11]([H:30])([H:31])[H:32])([C:12]([H:33])([H:34])[H:35])[C:13]([C:14]([H:36])([H:37])[H:38])([C:15]([H:39])([H:40])[H:41])[O:16]1)[C:17]([B:18]1[O:19][C:20]([C:21]([H:42])([H:43])[H:44])([C:22]([H:45])([H:46])[H:47])[C:23]([C:24]([H:48])([H:49])[H:50])([C:25]([H:51])([H:52])[H:53])[O:26]1)=[C:27]([H:54])[H:55])([H:28])[H:29]>>[C:1]([C:2](=[O:3])[C:4]1([H:59])[C:5]([H:60])([H:61])[C:6]([H:28])([H:29])[C:7]([B:8]2[O:9][C:10]([C:11]([H:30])([H:31])[H:32])([C:12]([H:33])([H:34])[H:35])[C:13]([C:14]([H:36])([H:37])[H:38])([C:15]([H:39])([H:40])[H:41])[O:16]2)=[C:17]([B:18]2[O:19][C:20]([C:21]([H:42])([H:43])[H:44])([C:22]([H:45])([H:46])[H:47])[C:23]([C:24]([H:48])([H:49])[H:50])([C:25]([H:51])([H:52])[H:53])[O:26]2)[C:27]1([H:54])[H:55])([H:56])([H:57])[H:58],False
39,0,39,39,[C:9]1([Cl:10])=[C:11]([Cl:12])[C:13]([Cl:14])=[C:15]([Cl:16])[C:17]1([Cl:18])[Cl:19].[O:1]=[C:2]([C:3]([Cl:4])([H:20])[H:21])[O:5][C:6]([C:7](=[C:8]([H:25])[H:26])[H:24])([H:22])[H:23]>>[O:1]=[C:2]([C:3]([Cl:4])([H:20])[H:21])[O:5][C:6]([C@:7]1([H:24])[C:8]([H:25])([H:26])[C@:9]2([Cl:10])[C:11]([Cl:12])=[C:13]([Cl:14])[C@@:15]1([Cl:16])[C:17]2([Cl:18])[Cl:19])([H:22])[H:23],False
40,0,40,40,[C:15]([C:16]#[N:17])([C:18]#[N:19])=[C:20]([C:21]#[N:22])[C:23]#[N:24].[C:1]([C:2]1([H:28])[C:3]([H:29])([H:30])[C:4]([H:31])([H:32])[C:5]2=[C:12]([C:9]([C:10]([H:33])([H:34])[H:35])([C:11]([H:36])([H:37])[H:38])[C:8]([H:39])([H:40])[C:7]([H:41])=[C:6]2[H:42])[C:13]([H:43])([H:44])[C:14]1([H:45])[H:46])([H:25])([H:26])[H:27]>>[C:1]([C:2]1([H:28])[C:3]([H:29])([H:30])[C:4]([H:31])([H:32])[C:5]2=[C:6]([H:42])[C:7]3([H:41])[C:8]([H:39])([H:40])[C:9]([C:10]([H:33])([H:34])[H:35])([C:11]([H:36])([H:37])[H:38])[C:12]2([C:13]([H:43])([H:44])[C:14]1([H:45])[H:46])[C:15]([C:16]#[N:17])([C:18]#[N:19])[C:20]3([C:21]#[N:22])[C:23]#[N:24])([H:25])([H:26])[H:27],False
41,0,41,41,[C:12](\[C:13]([H:27])([H:28])[H:29])(=[C:14]1\[N:15]=[C:16]([C:17]2=[C:18]([H:30])[C:19]([H:31])=[C:20]([H:32])[C:21]([H:33])=[C:22]2[H:34])[O:23][C:24]1=[O:25])[H:26].[C:1]([O:2]/[C:3](=[C:4](/[C:5]([O:6][Si:7]([C:8]([H:40])([H:41])[H:42])([C:9]([H:43])([H:44])[H:45])[C:10]([H:46])([H:47])[H:48])=[C:11]([H:49])[H:50])[H:39])[H:38])([H:35])([H:36])[H:37]>>[C:1]([O:2][C:3]1([H:38])[C:4]([H:39])=[C:5]([O:6][Si:7]([C:8]([H:40])([H:41])[H:42])([C:9]([H:43])([H:44])[H:45])[C:10]([H:46])([H:47])[H:48])[C:11]([H:49])([H:50])[C@:12]([C:13]([H:27])([H:28])[H:29])([H:26])[C@@:14]12[N:15]=[C:16]([C:17]1=[C:18]([H:30])[C:19]([H:31])=[C:20]([H:32])[C:21]([H:33])=[C:22]1[H:34])[O:23][C:24]2=[O:25])([H:35])([H:36])[H:37],False
43,0,42,42,[C:16]1([H:30])=[C:20]([H:31])[C:19]([H:32])([H:33])[C:18]([H:34])([H:35])[O:17]1.[C:1]([C:2]1=[C:3]([C:4]#[N:5])[C:6]([C:7]2=[C:8]([H:39])[C:9]([H:40])=[C:10]([H:41])[C:11]([H:42])=[C:12]2[H:43])=[C:13]([C:14]#[N:15])[C:21]1([C:22]([H:44])([H:45])[H:46])[N:23]([C:24](=[O:25])[C:26]([F:27])([F:28])[F:29])[H:47])([H:36])([H:37])[H:38]>>[C:1]([C@@:2]12[C:3]([C:4]#[N:5])=[C:6]([C:7]3=[C:8]([H:39])[C:9]([H:40])=[C:10]([H:41])[C:11]([H:42])=[C:12]3[H:43])[C@@:13]([C:14]#[N:15])([C@@:16]3([H:30])[O:17][C:18]([H:34])([H:35])[C:19]([H:32])([H:33])[C@@:20]13[H:31])[C@@:21]2([C:22]([H:44])([H:45])[H:46])[N:23]([C:24](=[O:25])[C:26]([F:27])([F:28])[F:29])[H:47])([H:36])([H:37])[H:38],False
44,0,43,43,[C:11](\[C:12]([C:13]([H:19])([H:20])[H:21])=[O:14])(=[C:15](\[C:16](=[O:17])[H:23])[H:22])[H:18].[C:1]([C:2](=[O:3])[O:4][C:5](=[C:6]1[C:7]([H:28])=[C:8]([H:29])[C:9]([H:30])=[C:10]1[H:31])[H:27])([H:24])([H:25])[H:26]>>[C:1]([C:2](=[O:3])[O:4][C:5](=[C:6]1[C@@:7]2([H:28])[C:8]([H:29])=[C:9]([H:30])[C@:10]1([H:31])[C@@:11]([C:12]([C:13]([H:19])([H:20])[H:21])=[O:14])([H:18])[C@@:15]2([C:16](=[O:17])[H:23])[H:22])[H:27])([H:24])([H:25])[H:26],False
45,0,44,44,[C:10]1([H:35])=[C:17]([H:36])[C:15](=[O:16])[C:14]([H:37])=[C:13]([H:38])[C:11]1=[O:12].[C:1]([C:2]([C:3]([H:22])([H:23])[H:24])=[C:4]([C:5]([C:6]([C:7]([C:8](=[C:9]([H:31])[H:32])[H:30])=[C:18]([H:33])[H:34])([H:28])[H:29])([H:26])[H:27])[H:25])([H:19])([H:20])[H:21]>>[C:1]([C:2]([C:3]([H:22])([H:23])[H:24])=[C:4]([C:5]([C:6]([C:7]1=[C:8]([H:30])[C:9]([H:31])([H:32])[C@@:10]2([H:35])[C:11](=[O:12])[C:13]([H:38])=[C:14]([H:37])[C:15](=[O:16])[C@@:17]2([H:36])[C:18]1([H:33])[H:34])([H:28])[H:29])([H:26])[H:27])[H:25])([H:19])([H:20])[H:21],False
46,0,45,45,[C:6](\[C:7]1=[C:8]([H:25])[C:9]([H:26])=[C:10]([H:27])[C:11]([H:28])=[C:12]1[H:29])(=[C:13]([C:14](=[C:15](/[C:16]1=[C:17]([H:33])[C:18]([H:34])=[C:19]([H:35])[C:20]([H:36])=[C:21]1[H:37])[H:32])/[H:31])\[H:30])[H:24].[F:1][C:2]1([Cl:3])[C:4]([Cl:5])=[C:22]1[Cl:23]>>[F:1][C@:2]1([Cl:3])[C@:4]2([Cl:5])[C@@:6]([C:7]3=[C:8]([H:25])[C:9]([H:26])=[C:10]([H:27])[C:11]([H:28])=[C:12]3[H:29])([H:24])[C:13]([H:30])=[C:14]([H:31])[C@@:15]([C:16]3=[C:17]([H:33])[C:18]([H:34])=[C:19]([H:35])[C:20]([H:36])=[C:21]3[H:37])([H:32])[C@:22]12[Cl:23],False
47,0,46,46,[C:17]1([H:40])=[C:23]([H:41])[C:21](=[O:22])[O:20][C:18]1=[O:19].[C:1]([C:2]([O:3][C:4](=[O:5])[N:6](/[C:7](=[C:8]([C:9](=[C:10](/[N:11]([C:12](=[O:13])[O:14][C:15]([C:16]([H:37])([H:38])[H:39])([H:35])[H:36])[H:34])[H:33])/[H:32])\[H:31])[H:30])[H:29])([H:27])[H:28])([H:24])([H:25])[H:26]>>[C:1]([C:2]([O:3][C:4](=[O:5])[N:6]([C:7]1([H:30])[C:8]([H:31])=[C:9]([H:32])[C:10]([N:11]([C:12](=[O:13])[O:14][C:15]([C:16]([H:37])([H:38])[H:39])([H:35])[H:36])[H:34])([H:33])[C:17]2([H:40])[C:18](=[O:19])[O:20][C:21](=[O:22])[C:23]12[H:41])[H:29])([H:27])[H:28])([H:24])([H:25])[H:26],False
48,0,47,47,[C:15](\[C:16]([C:17]([H:52])([H:53])[H:54])([C:18]([H:55])([H:56])[H:57])[H:51])(=[C:19](/[C:20](=[O:21])[N:22]1[C:23]([H:59])([H:60])[C:24]([H:61])([H:62])[O:25][C:26]1=[O:27])[H:58])[H:50].[C:1]([O:2]/[C:3](=[C:4](/[C:5]([O:6][Si:7]([C:8]([H:33])([H:34])[H:35])([C:9]([H:36])([H:37])[H:38])[C:10]([C:11]([H:39])([H:40])[H:41])([C:12]([H:42])([H:43])[H:44])[C:13]([H:45])([H:46])[H:47])=[C:14]([H:48])[H:49])[H:32])[H:31])([H:28])([H:29])[H:30]>>[C:1]([O:2][C@:3]1([H:31])[C:4]([H:32])=[C:5]([O:6][Si:7]([C:8]([H:33])([H:34])[H:35])([C:9]([H:36])([H:37])[H:38])[C:10]([C:11]([H:39])([H:40])[H:41])([C:12]([H:42])([H:43])[H:44])[C:13]([H:45])([H:46])[H:47])[C:14]([H:48])([H:49])[C@@:15]([C:16]([C:17]([H:52])([H:53])[H:54])([C:18]([H:55])([H:56])[H:57])[H:51])([H:50])[C@:19]1([C:20](=[O:21])[N:22]1[C:23]([H:59])([H:60])[C:24]([H:61])([H:62])[O:25][C:26]1=[O:27])[H:58])([H:28])([H:29])[H:30],False
49,0,48,48,[C:1]([C@:2]12[C:7]([H:37])([H:38])[C:6]([H:39])=[C:5]([C:4](=[C:3]([H:41])[H:42])[H:40])[C@:15]([C:16]3=[C:17]([H:44])[C:18]([H:45])=[C:19]([H:46])[C:20]([H:47])=[C:21]3[H:48])([H:43])[C@@:22]1([C:23]([H:49])([H:50])[H:51])[C:24](=[O:25])[C:26]1=[C:27]([H:52])[C:28]([H:53])=[C:29]([H:54])[C:30]([H:55])=[C:31]1[C:32]2=[O:33])([H:34])([H:35])[H:36].[C:8]1([H:56])=[C:14]([H:57])[C:12](=[O:13])[N:11]([H:58])[C:9]1=[O:10]>>[C:1]([C@:2]12[C:7]([H:38])([H:37])[C@@:6]3([H:39])[C:5](=[C:4]([H:40])[C:3]([H:42])([H:41])[C@@:8]4([H:56])[C:9](=[O:10])[N:11]([H:58])[C:12](=[O:13])[C@@:14]34[H:57])[C@:15]([C:16]3=[C:17]([H:44])[C:18]([H:45])=[C:19]([H:46])[C:20]([H:47])=[C:21]3[H:48])([H:43])[C@@:22]1([C:23]([H:49])([H:50])[H:51])[C:24](=[O:25])[C:26]1=[C:27]([H:52])[C:28]([H:53])=[C:29]([H:54])[C:30]([H:55])=[C:31]1[C:32]2=[O:33])([H:34])([H:35])[H:36],False
50,0,49,49,[C:7]1([H:18])=[C:11]2[C:10](=[C:9]([H:19])[C:8]1([H:20])[H:21])[C:15]1([H:22])[C:14]([H:23])=[C:13]([H:24])[C:12]2([H:25])[C:16]1([H:26])[H:27].[O:1]=[C:2]1[O:3][C:4](=[O:5])[C:6]([H:28])=[C:17]1[H:29]>>[O:1]=[C:2]1[O:3][C:4](=[O:5])[C@:6]2([H:28])[C@:7]3([H:18])[C:8]([H:20])([H:21])[C@@:9]([H:19])([C:10]4=[C:11]3[C@@:12]3([H:25])[C:13]([H:24])=[C:14]([H:23])[C@:15]4([H:22])[C:16]3([H:26])[H:27])[C@:17]12[H:29],False
51,0,50,50,[C:17]1([H:50])=[C:23]([H:51])[C:21](=[O:22])[O:20][C:18]1=[O:19].[C:1]([O:2][C:3]1=[C:4]([H:33])[C:5]([H:34])=[C:6]2[C:7]([C@:8]([C:9]([H:36])([H:37])[H:38])([C:10](=[O:11])[O:12][C:13]([C:14]([C:15](=[C:16]([H:42])[H:43])[H:41])=[C:24]([H:44])[H:45])([H:39])[H:40])[H:35])=[C:25]([H:46])[C:26]([H:47])=[C:27]([H:48])[C:28]2=[C:29]1[H:49])([H:30])([H:31])[H:32]>>[C:1]([O:2][C:3]1=[C:4]([H:33])[C:5]([H:34])=[C:6]2[C:7]([C@:8]([C:9]([H:36])([H:37])[H:38])([C:10](=[O:11])[O:12][C:13]([C:14]3=[C:15]([H:41])[C:16]([H:42])([H:43])[C:17]4([H:50])[C:18](=[O:19])[O:20][C:21](=[O:22])[C:23]4([H:51])[C:24]3([H:44])[H:45])([H:39])[H:40])[H:35])=[C:25]([H:46])[C:26]([H:47])=[C:27]([H:48])[C:28]2=[C:29]1[H:49])([H:30])([H:31])[H:32],False
52,0,51,51,[C:1]([C:2]([O:3][C:4](=[O:5])[C:6]1=[C:7]([O:8][H:42])[C:9](=[O:10])[N:11]([H:43])[C:12]([C:13]2=[C:14]([H:44])[C:15]([H:45])=[C:16]([H:46])[C:17]([H:47])=[C:18]2[H:48])=[C:19]([C:20](=[C:21]([H:50])[H:51])[H:49])[C:36]1([H:52])[H:53])([H:40])[H:41])([H:37])([H:38])[H:39].[C:22]1([C:23]#[N:24])=[C:33]([C:34]#[N:35])[C:31](=[O:32])[C:29]([Cl:30])=[C:27]([Cl:28])[C:25]1=[O:26]>>[C:1]([C:2]([O:3][C:4](=[O:5])[C:6]1=[C:7]([O:8][H:42])[C:9](=[O:10])[N:11]([H:43])[C:12]2([C:13]3=[C:14]([H:44])[C:15]([H:45])=[C:16]([H:46])[C:17]([H:47])=[C:18]3[H:48])[C:19](=[C:20]([H:49])[C:21]([H:50])([H:51])[C:22]3([C:23]#[N:24])[C:25](=[O:26])[C:27]([Cl:28])=[C:29]([Cl:30])[C:31](=[O:32])[C:33]23[C:34]#[N:35])[C:36]1([H:52])[H:53])([H:40])[H:41])([H:37])([H:38])[H:39],False
53,0,52,52,[C:13]1([H:50])=[C:30]([H:51])[C:28](=[O:29])[C:17]2=[C:16]([C:14]1=[O:15])[C:26]([O:27][H:52])=[C:25]1[C:20](=[C:18]2[Cl:19])[C:21]([H:53])=[C:22]([H:54])[C:23]([H:55])=[C:24]1[H:56].[C:1]([O:2][C:3](/[C:4](=[C:5](/[O:6][C:7]([H:36])([H:37])[H:38])[O:8][Si:9]([C:10]([H:39])([H:40])[H:41])([C:11]([H:42])([H:43])[H:44])[C:12]([H:45])([H:46])[H:47])[H:35])=[C:31]([H:48])[H:49])([H:32])([H:33])[H:34]>>[C:1]([O:2][C:3]1=[C:4]([H:35])[C@@:5]([O:6][C:7]([H:36])([H:37])[H:38])([O:8][Si:9]([C:10]([H:39])([H:40])[H:41])([C:11]([H:42])([H:43])[H:44])[C:12]([H:45])([H:46])[H:47])[C@:13]2([H:50])[C:14](=[O:15])[C:16]3=[C:17]([C:18]([Cl:19])=[C:20]4[C:21]([H:53])=[C:22]([H:54])[C:23]([H:55])=[C:24]([H:56])[C:25]4=[C:26]3[O:27][H:52])[C:28](=[O:29])[C@:30]2([H:51])[C:31]1([H:48])[H:49])([H:32])([H:33])[H:34],False
54,0,53,53,[C:1]([C:2]([O:3][C:4](=[O:5])/[C:6](=[C:7]1\[C:8]([H:44])([H:45])[C@@:9]([C:10]2=[C:11]([H:47])[C:12]([H:48])=[C:13]([H:49])[C:14]([H:50])=[C:15]2[O:16][C:17]([H:51])([H:52])[H:53])([H:46])[C:18]([H:54])=[C:19](/[C:20](=[C:21](/[C:22]2=[C:23]([H:57])[C:24]([H:58])=[C:25]([H:59])[C:26]([H:60])=[C:27]2[O:28][C:29]([H:61])([H:62])[H:63])[H:56])[H:55])[O:37]1)[H:43])([H:41])[H:42])([H:38])([H:39])[H:40].[C:30]1([H:64])=[C:36]([H:65])[C:34](=[O:35])[O:33][C:31]1=[O:32]>>[C:1]([C:2]([O:3][C:4](=[O:5])/[C:6](=[C:7]1\[C:8]([H:44])([H:45])[C@@:9]([C:10]2=[C:11]([H:47])[C:12]([H:48])=[C:13]([H:49])[C:14]([H:50])=[C:15]2[O:16][C:17]([H:51])([H:52])[H:53])([H:46])[C@:18]2([H:54])[C:19](=[C:20]([H:55])[C@@:21]([C:22]3=[C:23]([H:57])[C:24]([H:58])=[C:25]([H:59])[C:26]([H:60])=[C:27]3[O:28][C:29]([H:61])([H:62])[H:63])([H:56])[C@:30]3([H:64])[C:31](=[O:32])[O:33][C:34](=[O:35])[C@:36]23[H:65])[O:37]1)[H:43])([H:41])[H:42])([H:38])([H:39])[H:40],False
55,0,54,54,[C:11]1([H:33])=[C:12]([H:34])[C:13]([H:35])=[C:14]([H:36])[C@:15]([O:16][C:17]([C:18]2=[C:19]([H:40])[C:20]([H:41])=[C:21]([H:42])[C:22]([H:43])=[C:23]2[H:44])([H:38])[H:39])([H:37])[C@@:24]1([O:25][C:26]([C:27]1=[C:28]([H:48])[C:29]([H:49])=[C:30]([H:50])[C:31]([H:51])=[C:32]1[H:52])([H:46])[H:47])[H:45].[C:1]([O:2][C:3](=[O:4])[C:5]#[C:6][C:7](=[O:8])[O:9][C:10]([H:56])([H:57])[H:58])([H:53])([H:54])[H:55]>>[C:1]([O:2][C:3](=[O:4])[C:5]1=[C:6]([C:7](=[O:8])[O:9][C:10]([H:56])([H:57])[H:58])[C@@:11]2([H:33])[C:12]([H:34])=[C:13]([H:35])[C@:14]1([H:36])[C@:15]([O:16][C:17]([C:18]1=[C:19]([H:40])[C:20]([H:41])=[C:21]([H:42])[C:22]([H:43])=[C:23]1[H:44])([H:38])[H:39])([H:37])[C@@:24]2([O:25][C:26]([C:27]1=[C:28]([H:48])[C:29]([H:49])=[C:30]([H:50])[C:31]([H:51])=[C:32]1[H:52])([H:46])[H:47])[H:45])([H:53])([H:54])[H:55],False
56,0,55,55,[C:1]([C:2]([O:3][C:4](=[O:5])[C:6](=[C:7]([H:53])[H:54])[H:52])([H:50])[H:51])([H:47])([H:48])[H:49].[C:8](=[C:9]([O:10][Si:11]([C:12]([H:25])([H:26])[H:27])([C:13]([H:28])([H:29])[H:30])[C:14]([H:31])([H:32])[H:33])[C:15](=[C:16]([C:17]([H:35])([H:36])[H:37])[O:18][Si:19]([C:20]([H:38])([H:39])[H:40])([C:21]([H:41])([H:42])[H:43])[C:22]([H:44])([H:45])[H:46])[H:34])([H:23])[H:24]>>[C:1]([C:2]([O:3][C:4](=[O:5])[C:6]1([H:52])[C:7]([H:53])([H:54])[C:8]([H:23])([H:24])[C:9]([O:10][Si:11]([C:12]([H:25])([H:26])[H:27])([C:13]([H:28])([H:29])[H:30])[C:14]([H:31])([H:32])[H:33])=[C:15]([H:34])[C:16]1([C:17]([H:35])([H:36])[H:37])[O:18][Si:19]([C:20]([H:38])([H:39])[H:40])([C:21]([H:41])([H:42])[H:43])[C:22]([H:44])([H:45])[H:46])([H:50])[H:51])([H:47])([H:48])[H:49],False
57,0,56,56,[C:14]1([H:33])=[C:21]([H:34])[C:19](=[O:20])[C:18]2=[C:17]([C:15]1=[O:16])[C:25]1([H:35])[C:24]([H:36])([H:37])[C:23]([H:38])([H:39])[C:22]2([H:40])[C:26]1([H:41])[H:42].[C:1]([O:2][C:3]1([O:4][C:5]([H:30])([H:31])[H:32])[C:6]([Cl:7])=[C:8]([Cl:9])[C:10]([Cl:11])=[C:12]1[Cl:13])([H:27])([H:28])[H:29]>>[C:1]([O:2][C:3]1([O:4][C:5]([H:30])([H:31])[H:32])[C@:6]2([Cl:7])[C:8]([Cl:9])=[C:10]([Cl:11])[C@@:12]1([Cl:13])[C@@:14]1([H:33])[C:15](=[O:16])[C:17]3=[C:18]([C:19](=[O:20])[C@@:21]21[H:34])[C@@:22]1([H:40])[C:23]([H:38])([H:39])[C:24]([H:36])([H:37])[C@:25]3([H:35])[C:26]1([H:41])[H:42])([H:27])([H:28])[H:29],False
58,0,57,57,[C:4]1([H:12])=[C:5]([H:13])[C:6]([H:14])=[C:7]([H:15])[C:8]1([H:16])[H:17].[N:1]#[C:2]/[C:3](=[C:9](\[C:10]#[N:11])[H:19])[H:18]>>[N:1]#[C:2][C@@:3]1([H:18])[C@@:4]2([H:12])[C:5]([H:13])=[C:6]([H:14])[C@:7]([H:15])([C:8]2([H:16])[H:17])[C@:9]1([C:10]#[N:11])[H:19],False
59,0,58,58,[C:1]([C:2](=[O:3])[C:4](=[C:5]([H:31])[H:32])[H:30])([H:27])([H:28])[H:29].[C:6]([C:7]#[N:8])([C:9]#[N:10])=[C:11]([C:12]1=[C:13]([H:33])[C:14]([H:34])=[C:15]([H:35])[C:16]([H:36])=[C:17]1[H:37])[C:18](=[C:19]([C:20]1=[C:21]([H:40])[C:22]([H:41])=[C:23]([F:24])[C:25]([H:42])=[C:26]1[H:43])[H:39])[H:38]>>[C:1]([C:2](=[O:3])[C@@:4]1([H:30])[C:5]([H:31])([H:32])[C:6]([C:7]#[N:8])([C:9]#[N:10])[C:11]([C:12]2=[C:13]([H:33])[C:14]([H:34])=[C:15]([H:35])[C:16]([H:36])=[C:17]2[H:37])=[C:18]([H:38])[C@@:19]1([C:20]1=[C:21]([H:40])[C:22]([H:41])=[C:23]([F:24])[C:25]([H:42])=[C:26]1[H:43])[H:39])([H:27])([H:28])[H:29],False
60,0,59,59,[C:7]1([H:20])=[C:8]([H:21])[C:9]([H:22])=[C:10]([H:23])[C:11]([H:24])([H:25])[C:12]1([C:13]1=[C:14]([H:27])[C:15]([H:28])=[C:16]([H:29])[C:17]([H:30])=[C:18]1[H:31])[H:26].[O:1]=[C:2]1[O:3][C:4](=[O:5])[C:6]([H:32])=[C:19]1[H:33]>>[O:1]=[C:2]1[O:3][C:4](=[O:5])[C:6]2([H:32])[C:7]3([H:20])[C:8]([H:21])=[C:9]([H:22])[C:10]([H:23])([C:11]([H:24])([H:25])[C:12]3([C:13]3=[C:14]([H:27])[C:15]([H:28])=[C:16]([H:29])[C:17]([H:30])=[C:18]3[H:31])[H:26])[C:19]12[H:33],False
61,0,60,60,[C:19]1([H:57])=[C:25]([H:58])[C:23](=[O:24])[O:22][C:20]1=[O:21].[C:1]([C:2]1([C:3]([H:32])([H:33])[H:34])[O:4][C@@:5]2([H:35])[O:6][C:7](/[C:8](=[C:9](/[C:10]([O:11][Si:12]([C:13]([H:40])([H:41])[H:42])([C:14]([H:43])([H:44])[H:45])[C:15]([C:16]([H:46])([H:47])[H:48])([C:17]([H:49])([H:50])[H:51])[C:18]([H:52])([H:53])[H:54])([H:38])[H:39])[H:37])[H:36])=[C:26]([H:55])[C@@:27]2([H:56])[O:28]1)([H:29])([H:30])[H:31]>>[C:1]([C:2]1([C:3]([H:32])([H:33])[H:34])[O:4][C@@:5]2([H:35])[O:6][C:7]3=[C:8]([H:36])[C@@:9]([C:10]([O:11][Si:12]([C:13]([H:40])([H:41])[H:42])([C:14]([H:43])([H:44])[H:45])[C:15]([C:16]([H:46])([H:47])[H:48])([C:17]([H:49])([H:50])[H:51])[C:18]([H:52])([H:53])[H:54])([H:38])[H:39])([H:37])[C@:19]4([H:57])[C:20](=[O:21])[O:22][C:23](=[O:24])[C@:25]4([H:58])[C@:26]3([H:55])[C@@:27]2([H:56])[O:28]1)([H:29])([H:30])[H:31],False
62,0,61,61,[C:1]([C:2]([C:3]([H:57])([H:58])[H:59])([C:4]([H:60])([H:61])[H:62])[O:5][C:6](=[O:7])[C:8](=[C:24]1[C:25](=[O:26])[N:27]([C:28](=[O:29])[O:30][C:31]([C:32]([H:64])([H:65])[H:66])([C:33]([H:67])([H:68])[H:69])[C:34]([H:70])([H:71])[H:72])[C:35]2=[C:36]([H:73])[C:37]([H:74])=[C:38]([H:75])[C:39]([H:76])=[C:40]12)[H:63])([H:54])([H:55])[H:56].[C:9](=[C:10]([C:11](=[C:12]([N:13]([C:14](=[O:15])[O:16][C:17]([C:18]1=[C:19]([H:49])[C:20]([H:50])=[C:21]([H:51])[C:22]([H:52])=[C:23]1[H:53])([H:47])[H:48])[H:46])[H:45])[H:44])[H:43])([H:41])[H:42]>>[C:1]([C:2]([C:3]([H:57])([H:58])[H:59])([C:4]([H:60])([H:61])[H:62])[O:5][C:6](=[O:7])[C@:8]1([H:63])[C:9]([H:41])([H:42])[C:10]([H:43])=[C:11]([H:44])[C@:12]([N:13]([C:14](=[O:15])[O:16][C:17]([C:18]2=[C:19]([H:49])[C:20]([H:50])=[C:21]([H:51])[C:22]([H:52])=[C:23]2[H:53])([H:47])[H:48])[H:46])([H:45])[C@@:24]12[C:25](=[O:26])[N:27]([C:28](=[O:29])[O:30][C:31]([C:32]([H:64])([H:65])[H:66])([C:33]([H:67])([H:68])[H:69])[C:34]([H:70])([H:71])[H:72])[C:35]1=[C:36]([H:73])[C:37]([H:74])=[C:38]([H:75])[C:39]([H:76])=[C:40]21)([H:54])([H:55])[H:56],False
63,0,62,62,[C:14](=[C:15]([C:16]([O:17][C:18](=[O:19])[C:20]([Br:21])([Br:22])[Br:23])([H:27])[H:28])[H:26])([H:24])[H:25].[C:1]([O:2][C:3]1([O:4][C:5]([H:32])([H:33])[H:34])[C:6]([Cl:7])=[C:8]([Cl:9])[C:10]([Cl:11])=[C:12]1[Cl:13])([H:29])([H:30])[H:31]>>[C:1]([O:2][C:3]1([O:4][C:5]([H:32])([H:33])[H:34])[C@:6]2([Cl:7])[C:8]([Cl:9])=[C:10]([Cl:11])[C@@:12]1([Cl:13])[C:14]([H:24])([H:25])[C@:15]2([C:16]([O:17][C:18](=[O:19])[C:20]([Br:21])([Br:22])[Br:23])([H:27])[H:28])[H:26])([H:29])([H:30])[H:31],False
64,0,63,63,[C:1]([C:2]([O:3][C:4](=[O:5])[C:6](=[C:11]([C:12](=[O:13])[C:14]1=[C:15]([H:34])[C:16]([H:35])=[C:17]([C:18]([H:36])([H:37])[H:38])[C:19]([H:39])=[N:20]1)[H:33])[H:32])([H:30])[H:31])([H:27])([H:28])[H:29].[C:7](=[C:8]([C:9](=[C:10]([H:25])[H:26])[H:24])[H:23])([H:21])[H:22]>>[C:1]([C:2]([O:3][C:4](=[O:5])[C@@:6]1([H:32])[C:7]([H:21])([H:22])[C:8]([H:23])=[C:9]([H:24])[C:10]([H:25])([H:26])[C@@:11]1([C:12](=[O:13])[C:14]1=[C:15]([H:34])[C:16]([H:35])=[C:17]([C:18]([H:36])([H:37])[H:38])[C:19]([H:39])=[N:20]1)[H:33])([H:30])[H:31])([H:27])([H:28])[H:29],False
65,0,64,64,[C:1]([O:2][C:3](=[O:4])/[C:5](=[C:20](\[C:21](=[O:22])[O:23][C:24]([H:52])([H:53])[H:54])[H:51])[H:50])([H:47])([H:48])[H:49].[C:6](=[C:7]([O:8][Si:9]([C:10]([H:27])([H:28])[H:29])([C:11]([H:30])([H:31])[H:32])[C:12]([H:33])([H:34])[H:35])[C:13]([O:14][Si:15]([C:16]([H:36])([H:37])[H:38])([C:17]([H:39])([H:40])[H:41])[C:18]([H:42])([H:43])[H:44])=[C:19]([H:45])[H:46])([H:25])[H:26]>>[C:1]([O:2][C:3](=[O:4])[C@@:5]1([H:50])[C:6]([H:25])([H:26])[C:7]([O:8][Si:9]([C:10]([H:27])([H:28])[H:29])([C:11]([H:30])([H:31])[H:32])[C:12]([H:33])([H:34])[H:35])=[C:13]([O:14][Si:15]([C:16]([H:36])([H:37])[H:38])([C:17]([H:39])([H:40])[H:41])[C:18]([H:42])([H:43])[H:44])[C:19]([H:45])([H:46])[C@:20]1([C:21](=[O:22])[O:23][C:24]([H:52])([H:53])[H:54])[H:51])([H:47])([H:48])[H:49],False
66,0,65,65,[C:6]1([H:12])=[C:7]([H:13])[C:8]([H:14])([H:15])[C:9]([H:16])=[C:10]1[H:17].[O:1]=[C:2]1[O:3][C:4]([H:18])([H:19])[C:5]([H:20])=[C:11]1[H:21]>>[O:1]=[C:2]1[O:3][C:4]([H:18])([H:19])[C:5]2([H:20])[C:7]3([H:13])[C:6]([H:12])=[C:10]([H:17])[C:9]([H:16])([C:8]3([H:14])[H:15])[C:11]12[H:21],False
67,0,66,66,[C:1]([O:2][C:3]1([O:4][C:5]([H:36])([H:37])[H:38])[C:6]([H:39])=[C:7]([H:40])[C:8](=[N:9][C:10](=[O:11])[C:12]2=[C:13]([H:41])[C:14]([H:42])=[C:15]([H:43])[C:16]([H:44])=[C:17]2[H:45])[C:18]([H:46])=[C:19]1[H:47])([H:33])([H:34])[H:35].[C:20](=[C:21](/[C:22](=[C:23](/[C:24]([H:30])([H:31])[H:32])[H:29])[H:28])[H:27])([H:25])[H:26]>>[C:1]([O:2][C:3]1([O:4][C:5]([H:36])([H:37])[H:38])[C:6]([H:39])=[C:7]([H:40])[C:8](=[N:9][C:10](=[O:11])[C:12]2=[C:13]([H:41])[C:14]([H:42])=[C:15]([H:43])[C:16]([H:44])=[C:17]2[H:45])[C@@:18]2([H:46])[C@:19]1([H:47])[C:20]([H:25])([H:26])[C:21]([H:27])=[C:22]([H:28])[C@:23]2([C:24]([H:30])([H:31])[H:32])[H:29])([H:33])([H:34])[H:35],False
68,0,67,67,[C:10]1([H:43])=[C:16]([C:17]([H:44])([H:45])[H:46])[C:14](=[O:15])[O:13][C:11]1=[O:12].[C:1]([C:2]1=[C:3]([H:26])[C:4]([H:27])([H:28])[C@@:5]2([C:6]([H:29])([H:30])[H:31])[C:7]([C:8](=[C:9]([H:33])[H:34])[H:32])=[C:18]([H:35])[C:19]([H:36])([H:37])[C:20]([H:38])([H:39])[C@@:21]2([H:40])[C:22]1([H:41])[H:42])([H:23])([H:24])[H:25]>>[C:1]([C:2]1=[C:3]([H:26])[C:4]([H:27])([H:28])[C@@:5]2([C:6]([H:29])([H:30])[H:31])[C:7]3=[C:8]([H:32])[C:9]([H:33])([H:34])[C@@:10]4([H:43])[C:11](=[O:12])[O:13][C:14](=[O:15])[C@@:16]4([C:17]([H:44])([H:45])[H:46])[C@@:18]3([H:35])[C:19]([H:36])([H:37])[C:20]([H:38])([H:39])[C@@:21]2([H:40])[C:22]1([H:41])[H:42])([H:23])([H:24])[H:25],False
69,0,68,68,[C:1]([O:2][C:3](=[O:4])[C:5](=[C:20]([H:44])[H:45])[H:43])([H:40])([H:41])[H:42].[C:6](=[C:7]([C:8]([C:9]([C:10]([H:25])([H:26])[H:27])([N:11]1[C:12]([H:28])([H:29])[C:13]([H:30])([H:31])[O:14][C:15]([H:32])([H:33])[C:16]1([H:34])[H:35])[H:24])=[C:17]1[C:18]([H:36])([H:37])[C:19]1([H:38])[H:39])[H:23])([H:21])[H:22]>>[C:1]([O:2][C:3](=[O:4])[C:5]1([H:43])[C:6]([H:21])([H:22])[C:7]([H:23])=[C:8]([C:9]([C:10]([H:25])([H:26])[H:27])([N:11]2[C:12]([H:28])([H:29])[C:13]([H:30])([H:31])[O:14][C:15]([H:32])([H:33])[C:16]2([H:34])[H:35])[H:24])[C:17]2([C:18]([H:36])([H:37])[C:19]2([H:38])[H:39])[C:20]1([H:44])[H:45])([H:40])([H:41])[H:42],False
70,0,69,69,[C:11]1([H:41])=[C:17]([H:42])[C:15](=[O:16])[O:14][C:12]1=[O:13].[C:1]([O:2][C:3](=[O:4])[C@@:5]1([H:28])[C:10]([H:29])([H:30])[C:9]([H:31])=[C:8]([C:7](=[C:6]([H:33])[H:34])[H:32])[C@@:18]2([H:35])[C@@:19]([C:20]([H:37])([H:38])[H:39])([H:36])[O:21][C:22](=[O:23])[C@@:24]12[H:40])([H:25])([H:26])[H:27]>>[C:1]([O:2][C:3](=[O:4])[C@@:5]1([H:28])[C:10]([H:30])([H:29])[C@@:9]2([H:31])[C:8](=[C:7]([H:32])[C:6]([H:34])([H:33])[C@@:11]3([H:41])[C:12](=[O:13])[O:14][C:15](=[O:16])[C@@:17]23[H:42])[C@@:18]2([H:35])[C@@:19]([C:20]([H:37])([H:38])[H:39])([H:36])[O:21][C:22](=[O:23])[C@@:24]12[H:40])([H:25])([H:26])[H:27],False
71,0,70,70,[C:1]([C:2]([C:3]([H:19])([H:20])[H:21])=[C:4]1[C:5]([H:22])=[C:6]([H:23])[C:7]([H:24])=[C:8]1[H:25])([H:16])([H:17])[H:18].[C:9]1([H:26])=[C:15]([H:27])[C:13](=[O:14])[O:12][C:10]1=[O:11]>>[C:1]([C:2]([C:3]([H:19])([H:20])[H:21])=[C:4]1[C:5]2([H:22])[C:6]([H:23])=[C:7]([H:24])[C:8]1([H:25])[C:9]1([H:26])[C:10](=[O:11])[O:12][C:13](=[O:14])[C:15]21[H:27])([H:16])([H:17])[H:18],False
72,0,71,71,[C:12]1([H:22])=[C:13]([H:23])[C:14]([H:24])=[C:15]([H:25])[C:16]1([H:26])[H:27].[N:1]#[C:2][C:3]1=[C:4]([H:28])[C:5]([H:29])=[C:6]([C:7]2=[C:8]([H:30])[C:9](=[O:10])[C:11]([H:31])=[C:17]([H:32])[C:18]2=[O:19])[C:20]([H:33])=[C:21]1[H:34]>>[N:1]#[C:2][C:3]1=[C:4]([H:28])[C:5]([H:29])=[C:6]([C:7]2=[C:8]([H:30])[C:9](=[O:10])[C:11]3([H:31])[C:12]4([H:22])[C:13]([H:23])=[C:14]([H:24])[C:15]([H:25])([C:16]4([H:26])[H:27])[C:17]3([H:32])[C:18]2=[O:19])[C:20]([H:33])=[C:21]1[H:34],False
73,0,72,72,[C:14]1([H:44])=[C:17]([H:45])[C@@:16]2([H:46])[C@:15]1([H:47])[C@@:22]1([C:23]([H:48])([H:49])[H:50])[C:20](=[O:21])[C@:18]2([C:19]([H:51])([H:52])[H:53])[C:31]([C:32]2=[C:33]([H:54])[C:34]([H:55])=[C:35]([H:56])[C:36]([H:57])=[C:37]2[H:58])=[C:24]1[C:25]1=[C:26]([H:59])[C:27]([H:60])=[C:28]([H:61])[C:29]([H:62])=[C:30]1[H:63].[C:1]([O:2][C:3]1([O:4][C:5]([H:41])([H:42])[H:43])[C:6]([Cl:7])=[C:8]([Cl:9])[C:10]([Cl:11])=[C:12]1[Cl:13])([H:38])([H:39])[H:40]>>[C:1]([O:2][C:3]1([O:4][C:5]([H:41])([H:42])[H:43])[C@:6]2([Cl:7])[C:8]([Cl:9])=[C:10]([Cl:11])[C@@:12]1([Cl:13])[C@@:14]1([H:44])[C@@:15]3([H:47])[C@@:16]([H:46])([C@@:17]21[H:45])[C@@:18]1([C:19]([H:51])([H:52])[H:53])[C:20](=[O:21])[C@:22]3([C:23]([H:48])([H:49])[H:50])[C:24]([C:25]2=[C:26]([H:59])[C:27]([H:60])=[C:28]([H:61])[C:29]([H:62])=[C:30]2[H:63])=[C:31]1[C:32]1=[C:33]([H:54])[C:34]([H:55])=[C:35]([H:56])[C:36]([H:57])=[C:37]1[H:58])([H:38])([H:39])[H:40],False
74,0,73,73,[C:1]([C:2](=[O:3])[C:4](=[C:5]([H:47])[H:48])[H:46])([H:43])([H:44])[H:45].[C:6](=[C:7]([Se:8][C:9]1=[C:10]([H:29])[C:11]([H:30])=[C:12]([H:31])[C:13]([H:32])=[C:14]1[H:33])[C:15]([S:16](=[O:17])(=[O:18])[C:19]1=[C:20]([H:34])[C:21]([H:35])=[C:22]([C:23]([H:36])([H:37])[H:38])[C:24]([H:39])=[C:25]1[H:40])=[C:26]([H:41])[H:42])([H:27])[H:28]>>[C:1]([C:2](=[O:3])[C:4]1([H:46])[C:5]([H:47])([H:48])[C:6]([H:27])([H:28])[C:7]([Se:8][C:9]2=[C:10]([H:29])[C:11]([H:30])=[C:12]([H:31])[C:13]([H:32])=[C:14]2[H:33])=[C:15]([S:16](=[O:17])(=[O:18])[C:19]2=[C:20]([H:34])[C:21]([H:35])=[C:22]([C:23]([H:36])([H:37])[H:38])[C:24]([H:39])=[C:25]2[H:40])[C:26]1([H:41])[H:42])([H:43])([H:44])[H:45],False
75,0,74,74,[C:7]([C:8]1=[C:9]([H:21])[C:10]([H:22])=[C:11]([H:23])[C:12]([H:24])=[C:13]1[H:25])(=[C:14]([H:26])[H:27])[H:20].[Cl:1][C:2]1=[C:15]([Cl:16])[C:17]([Cl:18])([Br:19])[C:5]([Cl:6])=[C:3]1[Cl:4]>>[Cl:1][C:2]1=[C:3]([Cl:4])[C@:5]2([Cl:6])[C@@:7]([C:8]3=[C:9]([H:21])[C:10]([H:22])=[C:11]([H:23])[C:12]([H:24])=[C:13]3[H:25])([H:20])[C:14]([H:26])([H:27])[C@@:15]1([Cl:16])[C:17]2([Cl:18])[Br:19],False
76,0,75,75,[C:18]1([H:23])=[C:19]([H:24])[C:20]([H:25])=[C:21]([H:26])[C:22]1([H:27])[H:28].[C:1]([C:2]([O:3][P:4](=[O:5])([O:6][C:7]([C:8]([H:36])([H:37])[H:38])([H:34])[H:35])[C:9]#[C:10][C:11]1=[C:12]([H:39])[C:13]([H:40])=[C:14]([H:41])[C:15]([H:42])=[C:16]1[C:17]([H:43])([H:44])[H:45])([H:32])[H:33])([H:29])([H:30])[H:31]>>[C:1]([C:2]([O:3][P:4](=[O:5])([O:6][C:7]([C:8]([H:36])([H:37])[H:38])([H:34])[H:35])[C:9]1=[C:10]([C:11]2=[C:12]([H:39])[C:13]([H:40])=[C:14]([H:41])[C:15]([H:42])=[C:16]2[C:17]([H:43])([H:44])[H:45])[C:18]2([H:23])[C:19]([H:24])=[C:20]([H:25])[C:21]1([H:26])[C:22]2([H:27])[H:28])([H:32])[H:33])([H:29])([H:30])[H:31],False
77,0,76,76,[C:13]1([H:43])=[C:19]([H:44])[C:17](=[O:18])[O:16][C:14]1=[O:15].[C:1]([C:2](/[C:3](=[C:4](/[C@:5]1([C:6]([H:26])([H:27])[H:28])[C:7]([H:29])([H:30])[C:8]([H:31])([H:32])[C:9]([H:33])([H:34])[C:10]1([C:11]([H:35])([H:36])[H:37])[C:12]([H:38])([H:39])[H:40])[H:25])[H:24])=[C:20]([H:41])[H:42])([H:21])([H:22])[H:23]>>[C:1]([C:2]1=[C:3]([H:24])[C:4]([C@:5]2([C:6]([H:26])([H:27])[H:28])[C:7]([H:29])([H:30])[C:8]([H:31])([H:32])[C:9]([H:33])([H:34])[C:10]2([C:11]([H:35])([H:36])[H:37])[C:12]([H:38])([H:39])[H:40])([H:25])[C:13]2([H:43])[C:14](=[O:15])[O:16][C:17](=[O:18])[C:19]2([H:44])[C:20]1([H:41])[H:42])([H:21])([H:22])[H:23],False
78,0,77,77,[C:4]1([H:22])=[C:5]([H:23])[C:6]([H:24])=[C:7]([H:25])[C:8]1([H:26])[H:27].[O:1]=[C:2]1[C:3]([H:28])=[C:9]([H:29])[S:10](=[O:11])(=[O:12])[N:13]1[C:14]1=[C:15]([H:30])[C:16]([H:31])=[C:17]([F:18])[C:19]([Cl:20])=[C:21]1[H:32]>>[O:1]=[C:2]1[C@@:3]2([H:28])[C@@:4]3([H:22])[C:5]([H:23])=[C:6]([H:24])[C@:7]([H:25])([C:8]3([H:26])[H:27])[C@@:9]2([H:29])[S:10](=[O:11])(=[O:12])[N:13]1[C:14]1=[C:15]([H:30])[C:16]([H:31])=[C:17]([F:18])[C:19]([Cl:20])=[C:21]1[H:32],False
79,0,78,78,[Br:1]/[C:2](=[C:7](\[Br:8])[H:13])[H:12].[C:3]1([H:14])=[C:4]([H:15])[C:5]([H:16])=[C:6]([H:17])[C:9]12[C:10]([H:18])([H:19])[C:11]2([H:20])[H:21]>>[Br:1][C@@:2]1([H:12])[C@@:3]2([H:14])[C:4]([H:15])=[C:5]([H:16])[C@@:6]([H:17])([C@:7]1([Br:8])[H:13])[C:9]21[C:10]([H:18])([H:19])[C:11]1([H:20])[H:21],False
80,0,79,79,[C:1]([C:2](=[C:3]1[C:4]([H:20])=[C:5]([H:21])[C:6]([H:22])=[C:7]1[H:23])[H:19])([H:16])([H:17])[H:18].[C:8]1([H:24])=[C:15]([H:25])[C:13](=[O:14])[C:12]([H:26])=[C:11]([H:27])[C:9]1=[O:10]>>[C:1](/[C:2](=[C:3]1/[C@@:4]2([H:20])[C:5]([H:21])=[C:6]([H:22])[C@:7]1([H:23])[C@@:8]1([H:24])[C:9](=[O:10])[C:11]([H:27])=[C:12]([H:26])[C:13](=[O:14])[C@@:15]21[H:25])[H:19])([H:16])([H:17])[H:18],False
81,0,80,80,[C:10]1([H:15])=[C:11]([H:16])[C:12]([H:17])=[C:13]([H:18])[C:14]1([H:19])[H:20].[C:1]([C:2]([C:3](=[O:4])/[C:5](=[C:6](/[C:7]([C:8]([H:29])([H:30])[H:31])([C:9]([H:32])([H:33])[H:34])[H:28])[H:27])[H:26])([H:24])[H:25])([H:21])([H:22])[H:23]>>[C:1]([C:2]([C:3](=[O:4])[C@:5]1([H:26])[C@:6]([C:7]([C:8]([H:29])([H:30])[H:31])([C:9]([H:32])([H:33])[H:34])[H:28])([H:27])[C@:10]2([H:15])[C:11]([H:16])=[C:12]([H:17])[C@@:13]1([H:18])[C:14]2([H:19])[H:20])([H:24])[H:25])([H:21])([H:22])[H:23],False
82,0,81,81,[C:6](\[C:7]1=[C:8]([H:26])[C:9]([H:27])=[C:10]([H:28])[C:11]([H:29])=[C:12]1[H:30])(=[C:13](/[C:14](=[C:15]([H:33])[H:34])[H:32])[H:31])[H:25].[N:1]#[C:2][C:3]([C:4]#[N:5])=[C:16]([C:17]([F:18])([F:19])[F:20])[C:21]([F:22])([F:23])[F:24]>>[N:1]#[C:2][C:3]1([C:4]#[N:5])[C:6]([C:7]2=[C:8]([H:26])[C:9]([H:27])=[C:10]([H:28])[C:11]([H:29])=[C:12]2[H:30])([H:25])[C:13]([H:31])=[C:14]([H:32])[C:15]([H:33])([H:34])[C:16]1([C:17]([F:18])([F:19])[F:20])[C:21]([F:22])([F:23])[F:24],False
83,0,82,82,[C:15]1([H:41])=[C:21]([H:42])[C:19](=[O:20])[O:18][C:16]1=[O:17].[C:1]([C:2]1([C:3]([H:26])([H:27])[H:28])[C:4]([H:29])([H:30])[C:5]([H:31])([H:32])[C:6](=[C:22]([H:33])[H:34])/[C:7]1=[C:8](/[C:9]1=[C:10]([H:36])[C:11]([H:37])=[C:12]([H:38])[C:13]([H:39])=[C:14]1[H:40])[H:35])([H:23])([H:24])[H:25]>>[C:1]([C:2]1([C:3]([H:26])([H:27])[H:28])[C:4]([H:29])([H:30])[C:5]([H:31])([H:32])[C:6]2=[C:7]1[C@@:8]([C:9]1=[C:10]([H:36])[C:11]([H:37])=[C:12]([H:38])[C:13]([H:39])=[C:14]1[H:40])([H:35])[C@:15]1([H:41])[C:16](=[O:17])[O:18][C:19](=[O:20])[C@:21]1([H:42])[C:22]2([H:33])[H:34])([H:23])([H:24])[H:25],False
84,0,83,83,[C:1]([O:2][C:3](=[O:4])[C:5](=[C:6]([H:19])[H:20])[H:18])([H:15])([H:16])[H:17].[C:7](=[C:8]([C:9](=[C:10]([O:11][C:12]([C:13]([H:26])([H:27])[H:28])=[O:14])[H:25])[H:24])[H:23])([H:21])[H:22]>>[C:1]([O:2][C:3](=[O:4])[C@@:5]1([H:18])[C:6]([H:19])([H:20])[C:7]([H:21])([H:22])[C:8]([H:23])=[C:9]([H:24])[C@:10]1([O:11][C:12]([C:13]([H:26])([H:27])[H:28])=[O:14])[H:25])([H:15])([H:16])[H:17],False
85,0,84,84,[C:1]([C:2]1=[C:6]([H:18])[C:5]([H:19])([H:20])[C:4]([H:21])=[C:3]1[H:22])([H:15])([H:16])[H:17].[C:7]1([H:23])=[C:14]([H:24])[C:12](=[O:13])[C:11]([H:25])=[C:10]([H:26])[C:8]1=[O:9]>>[C:1]([C:2]1=[C:3]([H:22])[C@:4]2([H:21])[C:5]([H:19])([H:20])[C@@:6]1([H:18])[C@:7]1([H:23])[C:8](=[O:9])[C:10]([H:26])=[C:11]([H:25])[C:12](=[O:13])[C@:14]21[H:24])([H:15])([H:16])[H:17],False
86,0,85,85,[C:18](\[C:19]([H:25])([H:26])[H:27])(=[C:20]([C:21](=[C:22](/[C:23]([H:31])([H:32])[H:33])[H:30])/[H:29])\[H:28])[H:24].[C:1]([C:2]([C:3]([C:4]([C:5]([C:6]([C:7]([C:8](=[O:9])[O:10][C:11]1=[C:17]([H:49])[C:15](=[O:16])[O:14][C:12]1=[O:13])([H:47])[H:48])([H:45])[H:46])([H:43])[H:44])([H:41])[H:42])([H:39])[H:40])([H:37])[H:38])([H:34])([H:35])[H:36]>>[C:1]([C:2]([C:3]([C:4]([C:5]([C:6]([C:7]([C:8](=[O:9])[O:10][C@@:11]12[C:12](=[O:13])[O:14][C:15](=[O:16])[C@:17]1([H:49])[C@@:18]([C:19]([H:25])([H:26])[H:27])([H:24])[C:20]([H:28])=[C:21]([H:29])[C@@:22]2([C:23]([H:31])([H:32])[H:33])[H:30])([H:47])[H:48])([H:45])[H:46])([H:43])[H:44])([H:41])[H:42])([H:39])[H:40])([H:37])[H:38])([H:34])([H:35])[H:36],False
87,0,86,86,[C:1]([O:2][C:3]([C:4](=[C:5]([H:22])[H:23])[H:21])=[C:17]([H:24])[H:25])([H:18])([H:19])[H:20].[C:6]1([H:26])=[C:16]([H:27])[C@@:15]2([H:28])[C@@:9]([H:29])([C:7]1=[O:8])[O:10][C:11]([C:12]([H:30])([H:31])[H:32])([C:13]([H:33])([H:34])[H:35])[O:14]2>>[C:1]([O:2][C:3]1=[C:4]([H:21])[C:5]([H:22])([H:23])[C@:6]2([H:26])[C:7](=[O:8])[C@@:9]3([H:29])[O:10][C:11]([C:12]([H:30])([H:31])[H:32])([C:13]([H:33])([H:34])[H:35])[O:14][C@@:15]3([H:28])[C@:16]2([H:27])[C:17]1([H:24])[H:25])([H:18])([H:19])[H:20],False
88,0,87,87,[C:1]([O:2][C:3](=[C:4](/[C:11](=[C:9](/[C:10]([H:26])([H:27])[H:28])[H:25])[H:24])[H:23])[H:22])([H:19])([H:20])[H:21].[C:5]1(=[O:6])[C:7]([C:8]([H:29])([H:30])[H:31])=[C:16]([H:32])[C:17](=[O:18])[C:13]([O:14][C:15]([H:33])([H:34])[H:35])=[C:12]1[H:36]>>[C:15]([O:14][C:13]1=[C:12]([H:36])[C:5](=[O:6])[C@@:7]2([C:8]([H:29])([H:30])[H:31])[C@:9]([C:10]([H:26])([H:27])[H:28])([H:25])[C:11]([H:24])=[C:4]([H:23])[C@:3]([O:2][C:1]([H:20])([H:19])[H:21])([H:22])[C@@:16]2([H:32])[C:17]1=[O:18])([H:34])([H:35])[H:33],False
89,0,88,88,[C:12]([C:13](=[O:14])[O:15][C:16]([C:17]([H:54])([H:55])[H:56])([C:18]([H:57])([H:58])[H:59])[C:19]([H:60])([H:61])[H:62])(=[C:20]([H:63])[H:64])[H:53].[C:1]([C:2]([C:3]([C:4]([C:5]1=[C:6]([H:34])[C:7]([H:35])=[C:8]([H:36])[C:9]([H:37])=[C:10]1[H:38])=[C:11]([H:39])[H:40])=[C:21]1[C:22]([H:41])([H:42])[C:23]1([H:43])[H:44])([N:24]1[C:25]([H:45])([H:46])[C:26]([H:47])([H:48])[O:27][C:28]([H:49])([H:50])[C:29]1([H:51])[H:52])[H:33])([H:30])([H:31])[H:32]>>[C:1]([C:2]([C:3]1=[C:4]([C:5]2=[C:6]([H:34])[C:7]([H:35])=[C:8]([H:36])[C:9]([H:37])=[C:10]2[H:38])[C:11]([H:39])([H:40])[C:12]([C:13](=[O:14])[O:15][C:16]([C:17]([H:54])([H:55])[H:56])([C:18]([H:57])([H:58])[H:59])[C:19]([H:60])([H:61])[H:62])([H:53])[C:20]([H:63])([H:64])[C:21]12[C:22]([H:41])([H:42])[C:23]2([H:43])[H:44])([N:24]1[C:25]([H:45])([H:46])[C:26]([H:47])([H:48])[O:27][C:28]([H:49])([H:50])[C:29]1([H:51])[H:52])[H:33])([H:30])([H:31])[H:32],False
90,0,89,89,[C:1]([O:2][C:3](=[O:4])[C:5]([C:6]([H:28])([H:29])[H:30])=[C:7]([H:31])[H:32])([H:25])([H:26])[H:27].[C:8]1([H:33])=[C:9]([C:10]2([H:34])[O:11][C:12]([H:35])([H:36])[C:13]([H:37])([H:38])[O:14]2)[C:15]([Br:16])=[C:17]([H:39])[C:18](=[O:19])[C:20]1([O:21][C:22]([H:40])([H:41])[H:42])[O:23][C:24]([H:43])([H:44])[H:45]>>[C:1]([O:2][C:3](=[O:4])[C@:5]1([C:6]([H:28])([H:29])[H:30])[C:7]([H:31])([H:32])[C@:8]2([H:33])[C:9]([C:10]3([H:34])[O:11][C:12]([H:35])([H:36])[C:13]([H:37])([H:38])[O:14]3)=[C:15]([Br:16])[C@@:17]1([H:39])[C:18](=[O:19])[C:20]2([O:21][C:22]([H:40])([H:41])[H:42])[O:23][C:24]([H:43])([H:44])[H:45])([H:25])([H:26])[H:27],False
91,0,90,90,[C:1]([O:2][C:3](=[O:4])[C:5]1=[C:29]([C:30]2=[C:31]([H:46])[C:32]([H:47])=[C:33]([H:48])[C:34]([H:49])=[C:35]2[H:50])[C:22]([C:23]2=[C:24]([H:51])[C:25]([H:52])=[C:26]([H:53])[C:27]([H:54])=[C:28]2[H:55])=[C:15]([C:16](=[O:17])[O:18][C:19]([H:56])([H:57])[H:58])[C:20]1=[O:21])([H:43])([H:44])[H:45].[C:6](=[C:7]([C:8]1=[C:9]([H:39])[C:10]([H:40])=[C:11]([Cl:12])[C:13]([H:41])=[C:14]1[H:42])[H:38])([H:36])[H:37]>>[C:1]([O:2][C:3](=[O:4])[C@:5]12[C:6]([H:36])([H:37])[C@:7]([C:8]3=[C:9]([H:39])[C:10]([H:40])=[C:11]([Cl:12])[C:13]([H:41])=[C:14]3[H:42])([H:38])[C@:15]([C:16](=[O:17])[O:18][C:19]([H:56])([H:57])[H:58])([C:20]1=[O:21])[C:22]([C:23]1=[C:24]([H:51])[C:25]([H:52])=[C:26]([H:53])[C:27]([H:54])=[C:28]1[H:55])=[C:29]2[C:30]1=[C:31]([H:46])[C:32]([H:47])=[C:33]([H:48])[C:34]([H:49])=[C:35]1[H:50])([H:43])([H:44])[H:45],False
92,0,91,91,[C:19]1([H:57])=[C:26]([H:58])[C:24](=[O:25])[N:22]([C:23]([H:59])([H:60])[H:61])[C:20]1=[O:21].[C:1](=[C:2]([C:3]([H:29])([H:30])[H:31])[C:4]([C:5]1=[C:8](/[C:9](=[C:10](/[C:11]([C:12]([C:13]([C:14]([C:15]([C:16]([C:17]([C:18]([H:50])([H:51])[H:52])([H:48])[H:49])([H:46])[H:47])([H:44])[H:45])([H:42])[H:43])([H:40])[H:41])([H:38])[H:39])([H:36])[H:37])[H:35])[H:34])[C:7]([H:53])([H:54])[C:6]1([H:55])[H:56])([H:32])[H:33])([H:27])[H:28]>>[C:1](=[C:2]([C:3]([H:29])([H:30])[H:31])[C:4]([C@@:5]12[C:6]([H:55])([H:56])[C:7]([H:53])([H:54])[C:8]1=[C:9]([H:34])[C@@:10]([C:11]([C:12]([C:13]([C:14]([C:15]([C:16]([C:17]([C:18]([H:50])([H:51])[H:52])([H:48])[H:49])([H:46])[H:47])([H:44])[H:45])([H:42])[H:43])([H:40])[H:41])([H:38])[H:39])([H:36])[H:37])([H:35])[C@:19]1([H:57])[C:20](=[O:21])[N:22]([C:23]([H:59])([H:60])[H:61])[C:24](=[O:25])[C@:26]21[H:58])([H:32])[H:33])([H:27])[H:28],False
93,0,92,92,[C:11]([C:12]1=[C:13]([H:28])[C:14]([H:29])=[C:15]([H:30])[C:16]([H:31])=[C:17]1[H:32])(=[C:18]([C:19](=[C:20]([C:21]1=[C:22]([H:36])[C:23]([H:37])=[C:24]([H:38])[C:25]([H:39])=[C:26]1[H:40])[H:35])[H:34])[H:33])[H:27].[C:1]([O:2][C:3](=[O:4])[C:5]#[C:6][C:7](=[O:8])[O:9][C:10]([H:44])([H:45])[H:46])([H:41])([H:42])[H:43]>>[C:1]([O:2][C:3](=[O:4])[C:5]1=[C:6]([C:7](=[O:8])[O:9][C:10]([H:44])([H:45])[H:46])[C:11]([C:12]2=[C:13]([H:28])[C:14]([H:29])=[C:15]([H:30])[C:16]([H:31])=[C:17]2[H:32])([H:27])[C:18]([H:33])=[C:19]([H:34])[C:20]1([C:21]1=[C:22]([H:36])[C:23]([H:37])=[C:24]([H:38])[C:25]([H:39])=[C:26]1[H:40])[H:35])([H:41])([H:42])[H:43],False
94,0,93,93,[C:6]1([H:20])=[C:7]([H:21])[C:8]([H:22])=[C:9]([H:23])[C:10]1([C:11]([O:12][C:13]([C:14]1=[C:15]([H:29])[C:16]([H:30])=[C:17]([H:31])[C:18]([H:32])=[C:19]1[H:33])([H:27])[H:28])([H:25])[H:26])[H:24].[O:1]=[C:2]([C:3]([Br:4])=[C:5]([H:35])[H:36])[H:34]>>[O:1]=[C:2]([C@:3]1([Br:4])[C:5]([H:35])([H:36])[C@@:6]2([H:20])[C:7]([H:21])=[C:8]([H:22])[C@:9]1([H:23])[C@@:10]2([C:11]([O:12][C:13]([C:14]1=[C:15]([H:29])[C:16]([H:30])=[C:17]([H:31])[C:18]([H:32])=[C:19]1[H:33])([H:27])[H:28])([H:25])[H:26])[H:24])[H:34],False
95,0,94,94,[C:1]([O:2][C:3](=[O:4])[C@:5]1([C:6]([H:44])([H:45])[H:46])[C:7]([H:47])([H:48])[C:8]([H:49])([H:50])[C:9]([H:51])([H:52])[C@:10]2([C:11]([H:53])([H:54])[H:55])[C@:12]([C:13]([C:14]([C:15](=[O:16])[C:17]([C:18]([H:62])([H:63])[H:64])([C:19]([H:65])([H:66])[H:67])[H:61])([H:59])[H:60])([H:57])[H:58])([H:56])[C:20]([C:21](=[C:22]3[C:23]([H:69])([H:70])[C:24]([H:71])([H:72])[C:25]([H:73])([H:74])[C:26]([H:75])([H:76])[C:27]3([H:77])[H:78])[H:68])=[C:38]([H:79])[C:39]([H:80])([H:81])[C@@:40]12[H:82])([H:41])([H:42])[H:43].[C:28]([C:29]#[N:30])([C:31]#[N:32])=[C:33]([C:34]#[N:35])[C:36]#[N:37]>>[C:1]([O:2][C:3](=[O:4])[C@:5]1([C:6]([H:44])([H:45])[H:46])[C:7]([H:47])([H:48])[C:8]([H:49])([H:50])[C:9]([H:51])([H:52])[C@:10]2([C:11]([H:53])([H:54])[H:55])[C@:12]([C:13]([C:14]([C:15](=[O:16])[C:17]([C:18]([H:62])([H:63])[H:64])([C:19]([H:65])([H:66])[H:67])[H:61])([H:59])[H:60])([H:57])[H:58])([H:56])[C:20]3=[C:21]([H:68])[C:22]4([C:23]([H:69])([H:70])[C:24]([H:71])([H:72])[C:25]([H:73])([H:74])[C:26]([H:75])([H:76])[C:27]4([H:77])[H:78])[C:28]([C:29]#[N:30])([C:31]#[N:32])[C:33]([C:34]#[N:35])([C:36]#[N:37])[C@:38]3([H:79])[C:39]([H:80])([H:81])[C@@:40]12[H:82])([H:41])([H:42])[H:43],False
96,0,95,95,[C:4](\[N:5]1[C:6]([H:22])([H:23])[C:7]([H:24])([H:25])[C:8]([H:26])([H:27])[C:9]1([H:28])[H:29])(=[C:10]([C:11](=[C:12](\[N:13]1[C:14]([H:33])([H:34])[C:15]([H:35])([H:36])[C:16]([H:37])([H:38])[C:17]1([H:39])[H:40])[H:32])\[H:31])/[H:30])[H:21].[N:1]#[C:2]/[C:3](=[C:18](/[C:19]#[N:20])[H:42])[H:41]>>[N:1]#[C:2][C@@:3]1([H:41])[C@:4]([N:5]2[C:6]([H:22])([H:23])[C:7]([H:24])([H:25])[C:8]([H:26])([H:27])[C:9]2([H:28])[H:29])([H:21])[C:10]([H:30])=[C:11]([H:31])[C@@:12]([N:13]2[C:14]([H:33])([H:34])[C:15]([H:35])([H:36])[C:16]([H:37])([H:38])[C:17]2([H:39])[H:40])([H:32])[C@@:18]1([C:19]#[N:20])[H:42],False
97,0,96,96,[C:1]([N:2]1[C:3]([H:26])=[C:4]([Br:5])[C:6]([C:7](=[C:12]([C:13](=[O:14])[O:15][H:29])[H:28])[H:27])=[N:16]1)([H:23])([H:24])[H:25].[C:8](=[C:9]([C:10](=[C:11]([H:21])[H:22])[H:20])[H:19])([H:17])[H:18]>>[C:1]([N:2]1[C:3]([H:26])=[C:4]([Br:5])[C:6]([C@:7]2([H:27])[C:8]([H:17])([H:18])[C:9]([H:19])=[C:10]([H:20])[C:11]([H:21])([H:22])[C@:12]2([C:13](=[O:14])[O:15][H:29])[H:28])=[N:16]1)([H:23])([H:24])[H:25],False
98,0,97,97,[C:1]([O:2][C:3](=[O:4])[C@:5]1([H:44])[N:6]([H:45])[C@@:7]([C:8]2=[C:9]([H:47])[C:10]([H:48])=[C:11]([Br:12])[C:13]([H:49])=[C:14]2[H:50])([H:46])[C@@:15]2([H:51])[C:16]([H:52])=[C:17]([H:53])[C:18]([H:54])=[C:19]2[C@:20]1([C:21]1=[C:22]([H:56])[C:23]([H:57])=[C:24]([H:58])[C:25]([F:26])=[C:27]1[H:59])[H:55])([H:41])([H:42])[H:43].[C:28]1([H:36])=[C:35]([H:37])[C:33](=[O:34])[N:31]([C:32]([H:38])([H:39])[H:40])[C:29]1=[O:30]>>[C:1]([O:2][C:3](=[O:4])[C@:5]1([H:44])[N:6]([H:45])[C@@:7]([C:8]2=[C:9]([H:47])[C:10]([H:48])=[C:11]([Br:12])[C:13]([H:49])=[C:14]2[H:50])([H:46])[C@@:15]2([H:51])[C@@:16]3([H:52])[C:17]([H:53])=[C:18]([H:54])[C@:19]2([C@:20]1([C:21]1=[C:22]([H:56])[C:23]([H:57])=[C:24]([H:58])[C:25]([F:26])=[C:27]1[H:59])[H:55])[C@:28]1([H:36])[C:29](=[O:30])[N:31]([C:32]([H:38])([H:39])[H:40])[C:33](=[O:34])[C@:35]31[H:37])([H:41])([H:42])[H:43],False
99,0,98,98,[C:1]([O:2][C:3]1=[C:4]([H:42])[C:5]([H:43])=[C:6]([C:7]([O:8][C:9]([C:10]([C:11](=[C:12]([C:13]([C:14]2=[C:15]([H:53])[C:16]([H:54])=[C:17]([O:18][C:19]([H:55])([H:56])[H:57])[C:20]([H:58])=[C:21]2[H:59])([H:51])[H:52])[C:22]([O:23][Si:24]([C:25]([H:60])([H:61])[H:62])([C:26]([H:63])([H:64])[H:65])[C:27]([C:28]([H:66])([H:67])[H:68])([C:29]([H:69])([H:70])[H:71])[C:30]([H:72])([H:73])[H:74])=[C:31]([H:75])[H:76])[H:50])([H:48])[H:49])([H:46])[H:47])([H:44])[H:45])[C:37]([H:77])=[C:38]1[H:78])([H:39])([H:40])[H:41].[C:32]1([H:79])=[C:33]([H:80])[C:34](=[O:35])[C:36]1([H:81])[H:82]>>[C:1]([O:2][C:3]1=[C:4]([H:42])[C:5]([H:43])=[C:6]([C:7]([O:8][C:9]([C:10]([C@@:11]2([H:50])[C:12]([C:13]([C:14]3=[C:15]([H:53])[C:16]([H:54])=[C:17]([O:18][C:19]([H:55])([H:56])[H:57])[C:20]([H:58])=[C:21]3[H:59])([H:51])[H:52])=[C:22]([O:23][Si:24]([C:25]([H:60])([H:61])[H:62])([C:26]([H:63])([H:64])[H:65])[C:27]([C:28]([H:66])([H:67])[H:68])([C:29]([H:69])([H:70])[H:71])[C:30]([H:72])([H:73])[H:74])[C:31]([H:75])([H:76])[C@@:32]3([H:79])[C:36]([H:82])([H:81])[C:34](=[O:35])[C@@:33]23[H:80])([H:48])[H:49])([H:46])[H:47])([H:44])[H:45])[C:37]([H:77])=[C:38]1[H:78])([H:39])([H:40])[H:41],False
100,0,99,99,[C:1]([C:2](=[O:3])/[C:4]([Cl:5])=[C:12](/[C:13]([H:18])([H:19])[H:20])[H:17])([H:14])([H:15])[H:16].[C:6](=[C:7]([C:8]([H:23])([H:24])[H:25])[C:9]([C:10]([H:26])([H:27])[H:28])=[C:11]([H:29])[H:30])([H:21])[H:22]>>[C:1]([C:2](=[O:3])[C@:4]1([Cl:5])[C:6]([H:21])([H:22])[C:7]([C:8]([H:23])([H:24])[H:25])=[C:9]([C:10]([H:26])([H:27])[H:28])[C:11]([H:29])([H:30])[C@:12]1([C:13]([H:18])([H:19])[H:20])[H:17])([H:14])([H:15])[H:16],False
