,idx,code,reaction
0,0,0,[C:1]([C:2]([C:3]([H:11])([H:12])[H:13])([O-:4])[C:5]#[N:6])([H:8])([H:9])[H:10].[O+:7]([H:14])([H:15])[H:16]>>[C:1]([C:2]([C:3]([H:11])([H:12])[H:13])([O:4][H:14])[C:5]#[N:6])([H:8])([H:9])[H:10].[O:7]([H:15])[H:16]
0,1,1,[B-:1]([H:18])([H:19])([H:20])[H:21].[C:2]([C:3]([C:4]([H:12])([H:13])[H:14])([C:5]([C:6]([H:15])([H:16])[H:17])=[O:7])[H:11])([H:8])([H:9])[H:10]>>[B:1]([H:19])([H:20])[H:21].[C:2]([C:3]([C:4]([H:12])([H:13])[H:14])([C:5]([C:6]([H:15])([H:16])[H:17])([O-:7])[H:18])[H:11])([H:8])([H:9])[H:10]
0,2,2,[C:1]([C:2]([C:3]([C:4]([C:5]([C:6]([H:19])([H:20])[H:21])([O-:7])[H:18])([H:16])[H:17])([H:14])[H:15])([H:12])[H:13])([H:9])([H:10])[H:11].[Cl:8][H:22]>>[C:1]([C:2]([C:3]([C:4]([C:5]([C:6]([H:19])([H:20])[H:21])([O:7][H:22])[H:18])([H:16])[H:17])([H:14])[H:15])([H:12])[H:13])([H:9])([H:10])[H:11].[Cl-:8]
0,3,3,[C:1]([C:2](=[O:4])[c:5]1[c:6]([H:14])[c:7]([H:15])[c:8]([H:16])[c:9]([H:17])[c:10]1[H:18])([H:11])([H:12])[H:13].[O:3]([H:19])[H:20]>>[C:1]([C:2]([O-:4])([O+:3]([H:19])[H:20])[c:5]1[c:6]([H:14])[c:7]([H:15])[c:8]([H:16])[c:9]([H:17])[c:10]1[H:18])([H:11])([H:12])[H:13]
0,4,4,[C:1]([C:2]([O+:3]([H:14])[H:15])([O-:4])[c:5]1[c:6]([H:16])[c:7]([H:17])[c:8]([H:18])[c:9]([H:19])[c:10]1[H:20])([H:11])([H:12])[H:13]>>[C:1]([C:2]([O:3][H:14])([O:4][H:15])[c:5]1[c:6]([H:16])[c:7]([H:17])[c:8]([H:18])[c:9]([H:19])[c:10]1[H:20])([H:11])([H:12])[H:13]
1,5,4,[C:1]([C:2]([O+:3]([H:14])[H:15])([O-:4])[c:5]1[c:6]([H:16])[c:7]([H:17])[c:8]([H:18])[c:9]([H:19])[c:10]1[H:20])([H:11])([H:12])[H:13]>>[C:1]([C:2](=[O:4])[c:5]1[c:6]([H:16])[c:7]([H:17])[c:8]([H:18])[c:9]([H:19])[c:10]1[H:20])([H:11])([H:12])[H:13].[O:3]([H:14])[H:15]
0,6,5,[C:1]([C:2]([O:3][H:23])([H:21])[H:22])([H:18])([H:19])[H:20].[C:4]([C:5]([H:9])([H:10])[H:11])(=[O+:6][H:12])[C:7]([C:8]([H:15])([H:16])[H:17])([H:13])[H:14]>>[C:1]([C:2]([O+:3]([C:4]([C:5]([H:9])([H:10])[H:11])([O:6][H:12])[C:7]([C:8]([H:15])([H:16])[H:17])([H:13])[H:14])[H:23])([H:21])[H:22])([H:18])([H:19])[H:20]
1,7,5,[C:1]([C:2]([O:3][H:23])([H:21])[H:22])([H:18])([H:19])[H:20].[C:4]([C:5]([H:9])([H:10])[H:11])(=[O+:6][H:12])[C:7]([C:8]([H:15])([H:16])[H:17])([H:13])[H:14]>>[C:1]([C:2]([O+:3]([H:12])[H:23])([H:21])[H:22])([H:18])([H:19])[H:20].[C:4]([C:5]([H:9])([H:10])[H:11])(=[O:6])[C:7]([C:8]([H:15])([H:16])[H:17])([H:13])[H:14]
0,8,6,[C:1]([C:2]([O-:3])([H:15])[H:16])([H:12])([H:13])[H:14].[C:4](=[O:5])([c:6]1[c:7]([H:18])[c:8]([H:19])[c:9]([H:20])[c:10]([H:21])[c:11]1[H:22])[H:17]>>[C:1]([C:2]([O:3][C:4]([O-:5])([c:6]1[c:7]([H:18])[c:8]([H:19])[c:9]([H:20])[c:10]([H:21])[c:11]1[H:22])[H:17])([H:15])[H:16])([H:12])([H:13])[H:14]
0,9,7,[C:1]([O:2][C:3]([C:4]([H:10])([H:11])[H:12])([C:5]([H:13])([H:14])[H:15])[O+:6]([H:16])[H:17])([H:7])([H:8])[H:9]>>[C:1]([O+:2]=[C:3]([C:4]([H:10])([H:11])[H:12])[C:5]([H:13])([H:14])[H:15])([H:7])([H:8])[H:9].[O:6]([H:16])[H:17]
1,10,7,[C:1]([O:2][C:3]([C:4]([H:10])([H:11])[H:12])([C:5]([H:13])([H:14])[H:15])[O+:6]([H:16])[H:17])([H:7])([H:8])[H:9]>>[C:1]([O+:2]([C:3]([C:4]([H:10])([H:11])[H:12])([C:5]([H:13])([H:14])[H:15])[O:6][H:17])[H:16])([H:7])([H:8])[H:9]
0,11,8,[C:1]([O:2][H:11])([H:8])([H:9])[H:10].[C:3]([C:4]([H:12])([H:13])[H:14])([C:5]([H:15])([H:16])[H:17])=[O+:6][C:7]([H:18])([H:19])[H:20]>>[C:1]([O:2][C:3]([C:4]([H:12])([H:13])[H:14])([C:5]([H:15])([H:16])[H:17])[O+:6]([C:7]([H:18])([H:19])[H:20])[H:11])([H:8])([H:9])[H:10]
0,12,9,[C:1]([C:2]([O-:3])([H:14])[H:15])([H:11])([H:12])[H:13].[C:4]([C:5]([H:8])([H:9])[H:10])(=[O:6])[Cl:7]>>[C:1]([C:2]([O:3][C:4]([C:5]([H:8])([H:9])[H:10])([O-:6])[Cl:7])([H:14])[H:15])([H:11])([H:12])[H:13]
0,13,10,[C:1]([C:2]([O:3][C:4]([C:5]([H:13])([H:14])[H:15])([O-:6])[Cl:7])([H:11])[H:12])([H:8])([H:9])[H:10]>>[C:1]([C:2]([O:3][C:4]([C:5]([H:13])([H:14])[H:15])=[O:6])([H:11])[H:12])([H:8])([H:9])[H:10].[Cl-:7]
0,14,11,[C:1]([C:2]([C:3]([C:4]([H:32])([H:33])[H:34])=[O:5])([H:30])[H:31])([H:27])([H:28])[H:29].[C:6]([C:7]([C:8]([H:17])([H:18])[H:19])([N-:9][C:10]([C:11]([H:21])([H:22])[H:23])([C:12]([H:24])([H:25])[H:26])[H:20])[H:16])([H:13])([H:14])[H:15]>>[C:1](/[C:2](=[C:3](/[C:4]([H:32])([H:33])[H:34])[O-:5])[H:31])([H:27])([H:28])[H:29].[C:6]([C:7]([C:8]([H:17])([H:18])[H:19])([N:9]([C:10]([C:11]([H:21])([H:22])[H:23])([C:12]([H:24])([H:25])[H:26])[H:20])[H:30])[H:16])([H:13])([H:14])[H:15]
1,15,11,[C:1]([C:2]([C:3]([C:4]([H:32])([H:33])[H:34])=[O:5])([H:30])[H:31])([H:27])([H:28])[H:29].[C:6]([C:7]([C:8]([H:17])([H:18])[H:19])([N-:9][C:10]([C:11]([H:21])([H:22])[H:23])([C:12]([H:24])([H:25])[H:26])[H:20])[H:16])([H:13])([H:14])[H:15]>>[C:1]([C:2]([C:3](=[C:4]([H:33])[H:34])[O-:5])([H:30])[H:31])([H:27])([H:28])[H:29].[C:6]([C:7]([C:8]([H:17])([H:18])[H:19])([N:9]([C:10]([C:11]([H:21])([H:22])[H:23])([C:12]([H:24])([H:25])[H:26])[H:20])[H:32])[H:16])([H:13])([H:14])[H:15]
0,16,12,[C:1]([C:2]([C:3]([C:4]([N+:5](=[O:6])[O-:7])([H:18])[H:19])([H:16])[H:17])([H:14])[H:15])([H:11])([H:12])[H:13].[C:8]([C:9]([O-:10])([H:23])[H:24])([H:20])([H:21])[H:22]>>[C:1]([C:2]([C:3]([C:4](=[N+:5]([O-:6])[O-:7])[H:18])([H:16])[H:17])([H:14])[H:15])([H:11])([H:12])[H:13].[C:8]([C:9]([O:10][H:19])([H:23])[H:24])([H:20])([H:21])[H:22]
0,17,13,[C:1]([C:2]([C:3]([H:17])([H:18])[H:19])([C:4]([H:20])([H:21])[H:22])[O-:5])([H:14])([H:15])[H:16].[C:6]([C:7]([C:8](=[O:9])[C:10]([C:11]([C:12]([H:30])([H:31])[H:32])=[O:13])([H:28])[H:29])([H:26])[H:27])([H:23])([H:24])[H:25]>>[C:1]([C:2]([C:3]([H:17])([H:18])[H:19])([C:4]([H:20])([H:21])[H:22])[O:5][H:28])([H:14])([H:15])[H:16].[C:6]([C:7](/[C:8]([O-:9])=[C:10](/[C:11]([C:12]([H:30])([H:31])[H:32])=[O:13])[H:29])([H:26])[H:27])([H:23])([H:24])[H:25]
1,18,13,[C:1]([C:2]([C:3]([H:17])([H:18])[H:19])([C:4]([H:20])([H:21])[H:22])[O-:5])([H:14])([H:15])[H:16].[C:6]([C:7]([C:8](=[O:9])[C:10]([C:11]([C:12]([H:30])([H:31])[H:32])=[O:13])([H:28])[H:29])([H:26])[H:27])([H:23])([H:24])[H:25]>>[C:1]([C:2]([C:3]([H:17])([H:18])[H:19])([C:4]([H:20])([H:21])[H:22])[O:5][H:26])([H:14])([H:15])[H:16].[C:6](/[C:7](=[C:8](\[O-:9])[C:10]([C:11]([C:12]([H:30])([H:31])[H:32])=[O:13])([H:28])[H:29])[H:27])([H:23])([H:24])[H:25]
2,19,13,[C:1]([C:2]([C:3]([H:17])([H:18])[H:19])([C:4]([H:20])([H:21])[H:22])[O-:5])([H:14])([H:15])[H:16].[C:6]([C:7]([C:8](=[O:9])[C:10]([C:11]([C:12]([H:30])([H:31])[H:32])=[O:13])([H:28])[H:29])([H:26])[H:27])([H:23])([H:24])[H:25]>>[C:1]([C:2]([C:3]([H:17])([H:18])[H:19])([C:4]([H:20])([H:21])[H:22])[O:5][H:30])([H:14])([H:15])[H:16].[C:6]([C:7]([C:8](=[O:9])[C:10]([C:11](=[C:12]([H:31])[H:32])[O-:13])([H:28])[H:29])([H:26])[H:27])([H:23])([H:24])[H:25]
3,20,13,[C:1]([C:2]([C:3]([H:17])([H:18])[H:19])([C:4]([H:20])([H:21])[H:22])[O-:5])([H:14])([H:15])[H:16].[C:6]([C:7]([C:8](=[O:9])[C:10]([C:11]([C:12]([H:30])([H:31])[H:32])=[O:13])([H:28])[H:29])([H:26])[H:27])([H:23])([H:24])[H:25]>>[C:1]([C:2]([C:3]([H:17])([H:18])[H:19])([C:4]([H:20])([H:21])[H:22])[O:5][H:28])([H:14])([H:15])[H:16].[C:6]([C:7]([C:8](=[O:9])/[C:10](=[C:11](/[C:12]([H:30])([H:31])[H:32])[O-:13])[H:29])([H:26])[H:27])([H:23])([H:24])[H:25]
0,21,14,[C:1]([O:2][C:4]([N:3]([H:15])[H:16])([O-:5])[c:6]1[c:7]([H:17])[c:8]([H:18])[c:9]([H:19])[c:10]([H:20])[c:11]1[H:21])([H:12])([H:13])[H:14]>>[C:1]([O-:2])([H:12])([H:13])[H:14].[N:3]([C:4](=[O:5])[c:6]1[c:7]([H:17])[c:8]([H:18])[c:9]([H:19])[c:10]([H:20])[c:11]1[H:21])([H:15])[H:16]
0,22,15,[Br-:4].[C:1]([C:2]([C:3]([O+:5]([H:13])[H:14])([H:11])[H:12])([H:9])[H:10])([H:6])([H:7])[H:8]>>[C:1]([C:2]([C:3]([Br:4])([H:11])[H:12])([H:9])[H:10])([H:6])([H:7])[H:8].[O:5]([H:13])[H:14]
1,23,15,[Br-:4].[C:1]([C:2]([C:3]([O+:5]([H:13])[H:14])([H:11])[H:12])([H:9])[H:10])([H:6])([H:7])[H:8]>>[Br:4][H:13].[C:1]([C:2]([C:3]([O:5][H:14])([H:11])[H:12])([H:9])[H:10])([H:6])([H:7])[H:8]
0,24,16,[C:1](/[C:2]([O-:3])=[C:4](/[C:5]([c:6]1[c:7]([H:19])[c:8]([H:20])[c:9]([H:21])[c:10]([C:11]([H:22])([H:23])[H:24])[c:12]1[H:25])([O:13][H:26])[H:18])[H:17])([H:14])([H:15])[H:16]>>[C:1]([C:2](=[O:3])/[C:4](=[C:5](/[c:6]1[c:7]([H:19])[c:8]([H:20])[c:9]([H:21])[c:10]([C:11]([H:22])([H:23])[H:24])[c:12]1[H:25])[H:18])[H:17])([H:14])([H:15])[H:16].[O-:13][H:26]
0,25,17,[C-:8]#[N:9].[C:1](=[C:2]([C:3]([H:12])([H:13])[H:14])[C:4]([C:5]([C:6](=[O:7])[H:19])([H:17])[H:18])([H:15])[H:16])([H:10])[H:11]>>[C:1](=[C:2]([C:3]([H:12])([H:13])[H:14])[C:4]([C:5]([C:6]([O-:7])([C:8]#[N:9])[H:19])([H:17])[H:18])([H:15])[H:16])([H:10])[H:11]
0,26,18,[C:1]([O-:2])([H:32])([H:33])[H:34].[C:3]([O+:4]=[C:5]1[C:6]([H:18])=[C:7]2[C:8]([H:19])([H:20])[C:9]([H:21])([H:22])[C:10]([H:23])([H:24])[C:11]([H:25])([H:26])[C:12]2([H:27])[C:13]([H:28])([H:29])[C:14]1([H:30])[H:31])([H:15])([H:16])[H:17]>>[C:1]([O:2][H:19])([H:32])([H:33])[H:34].[C:3]([O:4][C:5]1=[C:6]([H:18])[C:7]2=[C:8]([H:20])[C:9]([H:21])([H:22])[C:10]([H:23])([H:24])[C:11]([H:25])([H:26])[C:12]2([H:27])[C:13]([H:28])([H:29])[C:14]1([H:30])[H:31])([H:15])([H:16])[H:17]
1,27,18,[C:1]([O-:2])([H:32])([H:33])[H:34].[C:3]([O+:4]=[C:5]1[C:6]([H:18])=[C:7]2[C:8]([H:19])([H:20])[C:9]([H:21])([H:22])[C:10]([H:23])([H:24])[C:11]([H:25])([H:26])[C:12]2([H:27])[C:13]([H:28])([H:29])[C:14]1([H:30])[H:31])([H:15])([H:16])[H:17]>>[C:1]([O:2][H:30])([H:32])([H:33])[H:34].[C:3]([O:4][C:5]1=[C:14]([H:31])[C:13]([H:28])([H:29])[C:12]2([H:27])[C:7](=[C:6]1[H:18])[C:8]([H:19])([H:20])[C:9]([H:21])([H:22])[C:10]([H:23])([H:24])[C:11]2([H:25])[H:26])([H:15])([H:16])[H:17]
0,28,19,[C:1]([C:2]([O-:3])=[C:4]([H:16])[H:17])([H:13])([H:14])[H:15].[C:5](=[O:6])([c:7]1[c:8]([H:19])[c:9]([H:20])[c:10]([H:21])[c:11]([H:22])[c:12]1[H:23])[H:18]>>[C:1]([C:2](=[O:3])[C:4]([C:5]([O-:6])([c:7]1[c:8]([H:19])[c:9]([H:20])[c:10]([H:21])[c:11]([H:22])[c:12]1[H:23])[H:18])([H:16])[H:17])([H:13])([H:14])[H:15]
0,29,20,[C:1](=[C:2]([C:3]([C:4]([H:12])([H:13])[H:14])=[O:5])[H:11])([H:9])[H:10].[O-:6][C:7]([C:8]([H:17])([H:18])[H:19])([H:15])[H:16]>>[C:1](=[C:2]([C:3]([C:4]([H:12])([H:13])[H:14])([O-:5])[O:6][C:7]([C:8]([H:17])([H:18])[H:19])([H:15])[H:16])[H:11])([H:9])[H:10]
1,30,20,[C:1](=[C:2]([C:3]([C:4]([H:12])([H:13])[H:14])=[O:5])[H:11])([H:9])[H:10].[O-:6][C:7]([C:8]([H:17])([H:18])[H:19])([H:15])[H:16]>>[C:1](=[C:2]([C:3](=[C:4]([H:12])[H:13])[O-:5])[H:11])([H:9])[H:10].[O:6]([C:7]([C:8]([H:17])([H:18])[H:19])([H:15])[H:16])[H:14]
0,31,21,[B-:1]([O:2][C:3]([C:4]([H:27])([H:28])[H:29])([C:5]([H:30])([H:31])[H:32])[H:26])([H:23])([H:24])[H:25].[C:6]([C:7](=[O:8])[c:9]1[c:10]([H:18])[c:11]([H:19])[c:12]([H:20])[c:13]([H:21])[c:14]1[H:22])([H:15])([H:16])[H:17]>>[B:1]([O:2][C:3]([C:4]([H:27])([H:28])[H:29])([C:5]([H:30])([H:31])[H:32])[H:26])([H:24])[H:25].[C:6]([C:7]([O-:8])([c:9]1[c:10]([H:18])[c:11]([H:19])[c:12]([H:20])[c:13]([H:21])[c:14]1[H:22])[H:23])([H:15])([H:16])[H:17]
0,32,22,[C:1]([C:2](=[O:3])[C:4]([C:5]([O:6][H:20])([c:7]1[c:8]([H:21])[c:9]([H:22])[c:10]([H:23])[c:11]([H:24])[c:12]1[H:25])[H:19])([H:17])[H:18])([H:14])([H:15])[H:16].[O-:13][H:26]>>[C:1](/[C:2]([O-:3])=[C:4](/[C:5]([O:6][H:20])([c:7]1[c:8]([H:21])[c:9]([H:22])[c:10]([H:23])[c:11]([H:24])[c:12]1[H:25])[H:19])[H:17])([H:14])([H:15])[H:16].[O:13]([H:18])[H:26]
1,33,22,[C:1]([C:2](=[O:3])[C:4]([C:5]([O:6][H:20])([c:7]1[c:8]([H:21])[c:9]([H:22])[c:10]([H:23])[c:11]([H:24])[c:12]1[H:25])[H:19])([H:17])[H:18])([H:14])([H:15])[H:16].[O-:13][H:26]>>[C:1](=[C:2]([O-:3])[C:4]([C:5]([O:6][H:20])([c:7]1[c:8]([H:21])[c:9]([H:22])[c:10]([H:23])[c:11]([H:24])[c:12]1[H:25])[H:19])([H:17])[H:18])([H:14])[H:15].[O:13]([H:16])[H:26]
0,34,23,[C:1]([C:2](=[O:3])[O:4][H:11])([H:8])([H:9])[H:10].[C:5]([N:6]([C:7]([H:16])([H:17])[H:18])[H:15])([H:12])([H:13])[H:14]>>[C:1]([C:2](=[O:3])[O-:4])([H:8])([H:9])[H:10].[C:5]([N+:6]([C:7]([H:16])([H:17])[H:18])([H:11])[H:15])([H:12])([H:13])[H:14]
0,35,24,[C:1]([C:2]1([O:3][H:13])[C:4]([H:14])([H:15])[C:5]([H:16])([H:17])[C:6]([H:18])([H:19])[C:7]([H:20])([H:21])[C:8]1([H:22])[H:23])([H:10])([H:11])[H:12].[O+:9]([H:24])([H:25])[H:26]>>[C:1]([C:2]1([O+:3]([H:13])[H:24])[C:4]([H:14])([H:15])[C:5]([H:16])([H:17])[C:6]([H:18])([H:19])[C:7]([H:20])([H:21])[C:8]1([H:22])[H:23])([H:10])([H:11])[H:12].[O:9]([H:25])[H:26]
0,36,25,[C:1]([C:2]1([O+:8]([H:12])[H:13])[C:3]([H:14])([H:15])[C:4]([H:16])([H:17])[C:5]([H:18])([H:19])[C:6]([H:20])([H:21])[C:7]1([H:22])[H:23])([H:9])([H:10])[H:11]>>[C:1]([C+:2]1[C:3]([H:14])([H:15])[C:4]([H:16])([H:17])[C:5]([H:18])([H:19])[C:6]([H:20])([H:21])[C:7]1([H:22])[H:23])([H:9])([H:10])[H:11].[O:8]([H:12])[H:13]
0,37,26,[C:1]([C:2]([C@:3]([F:5])([Br:6])[H:12])([H:10])[H:11])([H:7])([H:8])[H:9].[O-:4][H:13]>>[Br-:6].[C:1]([C:2]([C@:3]([O:4][H:13])([F:5])[H:12])([H:10])[H:11])([H:7])([H:8])[H:9]
0,38,27,[C:1]([O:2][C:3]([C:4]([H:10])([H:11])[H:12])([H:8])[H:9])([Cl:5])([H:6])[H:7]>>[C:1](=[O+:2][C:3]([C:4]([H:10])([H:11])[H:12])([H:8])[H:9])([H:6])[H:7].[Cl-:5]
0,39,28,[C:1]([O-:2])([H:13])([H:14])[H:15].[C:3]([C:4](=[O:5])[c:6]1[c:7]([H:18])[c:8]([H:19])[c:9]([H:20])[c:10]([H:21])[c:11]1[H:22])([Cl:12])([H:16])[H:17]>>[C:1]([O:2][C:3]([C:4](=[O:5])[c:6]1[c:7]([H:18])[c:8]([H:19])[c:9]([H:20])[c:10]([H:21])[c:11]1[H:22])([H:16])[H:17])([H:13])([H:14])[H:15].[Cl-:12]
1,40,28,[C:1]([O-:2])([H:13])([H:14])[H:15].[C:3]([C:4](=[O:5])[c:6]1[c:7]([H:18])[c:8]([H:19])[c:9]([H:20])[c:10]([H:21])[c:11]1[H:22])([Cl:12])([H:16])[H:17]>>[C:1]([O:2][H:16])([H:13])([H:14])[H:15].[C:3](=[C:4](\[O-:5])[c:6]1[c:7]([H:18])[c:8]([H:19])[c:9]([H:20])[c:10]([H:21])[c:11]1[H:22])(\[Cl:12])[H:17]
2,41,28,[C:1]([O-:2])([H:13])([H:14])[H:15].[C:3]([C:4](=[O:5])[c:6]1[c:7]([H:18])[c:8]([H:19])[c:9]([H:20])[c:10]([H:21])[c:11]1[H:22])([Cl:12])([H:16])[H:17]>>[C:1]([O:2][C:4]([C:3]([Cl:12])([H:16])[H:17])([O-:5])[c:6]1[c:7]([H:18])[c:8]([H:19])[c:9]([H:20])[c:10]([H:21])[c:11]1[H:22])([H:13])([H:14])[H:15]
0,42,29,[C:1]([C:2]([S+:3]([C:4]([c:5]1[c:6]([H:27])[c:7]([H:28])[c:8]([H:29])[c:9]([H:30])[c:10]1[H:31])([H:25])[H:26])[C:13]([c:14]1[c:15]([H:34])[c:16]([H:35])[c:17]([H:36])[c:18]([H:37])[c:19]1[H:38])([H:32])[H:33])([H:23])[H:24])([H:20])([H:21])[H:22].[N:11]#[C-:12]>>[C:1]([C:2]([S:3][C:4]([c:5]1[c:6]([H:27])[c:7]([H:28])[c:8]([H:29])[c:9]([H:30])[c:10]1[H:31])([H:25])[H:26])([H:23])[H:24])([H:20])([H:21])[H:22].[N:11]#[C:12][C:13]([c:14]1[c:15]([H:34])[c:16]([H:35])[c:17]([H:36])[c:18]([H:37])[c:19]1[H:38])([H:32])[H:33]
0,43,30,[C:1]([c:2]1[c:3]([H:22])[c:4]([H:23])[c:5]([S:6](=[O:7])(=[O:8])[Cl:18])[c:16]([H:24])[c:17]1[H:25])([H:19])([H:20])[H:21].[O:9]([C:10]([C:11]1([H:29])[C:12]([H:30])=[C:13]([H:31])[C:14]([H:32])([H:33])[C:15]1([H:34])[H:35])([H:27])[H:28])[H:26]>>[C:1]([c:2]1[c:3]([H:22])[c:4]([H:23])[c:5]([S:6](=[O:7])(=[O:8])[O+:9]([C:10]([C:11]2([H:29])[C:12]([H:30])=[C:13]([H:31])[C:14]([H:32])([H:33])[C:15]2([H:34])[H:35])([H:27])[H:28])[H:26])[c:16]([H:24])[c:17]1[H:25])([H:19])([H:20])[H:21].[Cl-:18]
0,44,31,[C:1]([O+:2]([c:3]1[c:4]([H:14])[c:5]([H:15])[c:6]([H:16])[c:7]([H:17])[c:8]1[H:18])[H:13])([H:10])([H:11])[H:12].[I-:9]>>[C:1]([O:2][c:3]1[c:4]([H:14])[c:5]([H:15])[c:6]([H:16])[c:7]([H:17])[c:8]1[H:18])([H:10])([H:11])[H:12].[I:9][H:13]
1,45,31,[C:1]([O+:2]([c:3]1[c:4]([H:14])[c:5]([H:15])[c:6]([H:16])[c:7]([H:17])[c:8]1[H:18])[H:13])([H:10])([H:11])[H:12].[I-:9]>>[C:1]([I:9])([H:10])([H:11])[H:12].[O:2]([c:3]1[c:4]([H:14])[c:5]([H:15])[c:6]([H:16])[c:7]([H:17])[c:8]1[H:18])[H:13]
0,46,32,[C:1]([C:2]([N:3]([C:4]([H:21])([H:22])[H:23])[H:20])([H:18])[H:19])([H:15])([H:16])[H:17].[C:5]1([H:9])([H:10])[C:6]([C:7]([H:12])([H:13])[H:14])([H:11])[O:8]1>>[C:1]([C:2]([N+:3]([C:4]([H:21])([H:22])[H:23])([C:5]([C:6]([C:7]([H:12])([H:13])[H:14])([O-:8])[H:11])([H:9])[H:10])[H:20])([H:18])[H:19])([H:15])([H:16])[H:17]
0,47,33,[B:1]([H:13])([H:14])[H:15].[C:2](\[C:3]([C:4]([H:19])([H:20])[H:21])([H:17])[H:18])(=[C:5](/[C:6]([H:22])([H:23])[H:24])[c:7]1[c:8]([H:25])[c:9]([H:26])[c:10]([H:27])[c:11]([H:28])[c:12]1[H:29])[H:16]>>[B:1]([C:2]([C:3]([C:4]([H:19])([H:20])[H:21])([H:17])[H:18])([C:5]([C:6]([H:22])([H:23])[H:24])([c:7]1[c:8]([H:25])[c:9]([H:26])[c:10]([H:27])[c:11]([H:28])[c:12]1[H:29])[H:15])[H:16])([H:13])[H:14]
0,48,34,[Br:9][Br:12].[C:1]([O:2][c:3]1[c:4]([H:16])[c:5]([H:17])[c:6]([C:7](=[C:8]([H:19])[H:20])[H:18])[c:10]([H:21])[c:11]1[H:22])([H:13])([H:14])[H:15]>>[Br-:12].[C:1]([O:2][c:3]1[c:4]([H:16])[c:5]([H:17])[c:6]([C:7]2([H:18])[C:8]([H:19])([H:20])[Br+:9]2)[c:10]([H:21])[c:11]1[H:22])([H:13])([H:14])[H:15]
0,49,35,[Cl:1][C:2]1([H:9])[C:3]([Cl:8])([H:10])[O:4][C:5]([H:11])([H:12])[C:6]([H:13])([H:14])[C:7]1([H:15])[H:16]>>[Cl-:8].[Cl:1][C:2]1([H:9])[C:3]([H:10])=[O+:4][C:5]([H:11])([H:12])[C:6]([H:13])([H:14])[C:7]1([H:15])[H:16]
0,50,36,[S-:19][c:20]1[c:21]([H:28])[c:22]([H:29])[c:23]([H:30])[c:24]([H:31])[c:25]1[H:32].[c:1]1([H:33])[c:2]([H:34])[c:3]([H:35])[c:4]([C:5]([S+:6]([c:7]2[c:8]([H:38])[c:9]([H:39])[c:10]([H:40])[c:11]([H:41])[c:12]2[H:42])[c:18]2[c:17]([H:43])[c:16]([H:44])[c:15]([H:45])[c:27]([H:46])[c:26]2[H:47])([H:36])[H:37])[c:13]([H:48])[c:14]1[H:49]>>[c:15]1([H:45])[c:16]([H:44])[c:17]([H:43])[c:18]([S:6][c:7]2[c:21]([H:28])[c:22]([H:29])[c:23]([H:30])[c:24]([H:31])[c:25]2[H:32])[c:26]([H:47])[c:27]1[H:46].[c:1]1([H:33])[c:2]([H:34])[c:3]([H:35])[c:4]([C:5]([S:19][c:20]2[c:8]([H:38])[c:9]([H:39])[c:10]([H:40])[c:11]([H:41])[c:12]2[H:42])([H:36])[H:37])[c:13]([H:48])[c:14]1[H:49]
0,51,37,[C:1]([O-:2])([H:13])([H:14])[H:15].[C:3]([C:4]([C:5]([H:10])([H:11])[H:12])=[O:6])([Cl:7])([H:8])[H:9]>>[C:1]([O:2][C:3]([C:4]([C:5]([H:10])([H:11])[H:12])=[O:6])([H:8])[H:9])([H:13])([H:14])[H:15].[Cl-:7]
1,52,37,[C:1]([O-:2])([H:13])([H:14])[H:15].[C:3]([C:4]([C:5]([H:10])([H:11])[H:12])=[O:6])([Cl:7])([H:8])[H:9]>>[C:1]([O:2][H:9])([H:13])([H:14])[H:15].[C:3](=[C:4](/[C:5]([H:10])([H:11])[H:12])[O-:6])(\[Cl:7])[H:8]
2,53,37,[C:1]([O-:2])([H:13])([H:14])[H:15].[C:3]([C:4]([C:5]([H:10])([H:11])[H:12])=[O:6])([Cl:7])([H:8])[H:9]>>[C:1]([O:2][C:4]([C:3]([Cl:7])([H:8])[H:9])([C:5]([H:10])([H:11])[H:12])[O-:6])([H:13])([H:14])[H:15]
3,54,37,[C:1]([O-:2])([H:13])([H:14])[H:15].[C:3]([C:4]([C:5]([H:10])([H:11])[H:12])=[O:6])([Cl:7])([H:8])[H:9]>>[C:1]([O:2][H:12])([H:13])([H:14])[H:15].[C:3]([C:4](=[C:5]([H:10])[H:11])[O-:6])([Cl:7])([H:8])[H:9]
0,55,38,[C:2]([c:3]1[c:4]([H:12])[c:5]([H:13])[c:6]([H:14])[c:7]([H:15])[c:8]1[H:16])([Cl:9])([H:10])[H:11].[O-:1][H:17]>>[Cl-:9].[O:1]([C:2]([c:3]1[c:4]([H:12])[c:5]([H:13])[c:6]([H:14])[c:7]([H:15])[c:8]1[H:16])([H:10])[H:11])[H:17]
0,56,39,[C:1]([O:2][C:4](=[O:3])[c:12]1[c:7]([C:6]([O-:5])([H:16])[H:17])[c:8]([H:18])[c:9]([H:19])[c:10]([H:20])[c:11]1[H:21])([H:13])([H:14])[H:15]>>[C:1]([O-:2])([H:13])([H:14])[H:15].[O:3]=[C:4]1[O:5][C:6]([H:16])([H:17])[c:7]2[c:8]([H:18])[c:9]([H:19])[c:10]([H:20])[c:11]([H:21])[c:12]21
0,57,40,[N+:1](#[C:2][C:4]([c:5]1[c:6]([H:16])[c:7]([H:17])[c:8]([H:18])[c:9]([H:19])[c:10]1[H:20])([H:14])[H:15])[H:13].[O:3]([H:11])[H:12]>>[N:1](=[C:2]([O+:3]([H:11])[H:12])[C:4]([c:5]1[c:6]([H:16])[c:7]([H:17])[c:8]([H:18])[c:9]([H:19])[c:10]1[H:20])([H:14])[H:15])[H:13]
1,58,40,[N+:1](#[C:2][C:4]([c:5]1[c:6]([H:16])[c:7]([H:17])[c:8]([H:18])[c:9]([H:19])[c:10]1[H:20])([H:14])[H:15])[H:13].[O:3]([H:11])[H:12]>>[N:1]#[C:2][C:4]([c:5]1[c:6]([H:16])[c:7]([H:17])[c:8]([H:18])[c:9]([H:19])[c:10]1[H:20])([H:14])[H:15].[O+:3]([H:11])([H:12])[H:13]
0,59,41,[C:1]([C:2]([C:3]([H:9])([H:10])[H:11])([C:4]([H:12])([H:13])[H:14])[Br:5])([H:6])([H:7])[H:8]>>[Br-:5].[C:1]([C+:2]([C:3]([H:9])([H:10])[H:11])[C:4]([H:12])([H:13])[H:14])([H:6])([H:7])[H:8]
0,60,42,[C:1]([C+:2]([C:3]([H:22])([H:23])[H:24])[C:4]([H:25])([H:26])[H:27])([H:19])([H:20])[H:21].[C:5]([C:6]([C:7]([H:13])([H:14])[H:15])([C:8]([H:16])([H:17])[H:18])[O-:9])([H:10])([H:11])[H:12]>>[C:1](=[C:2]([C:3]([H:22])([H:23])[H:24])[C:4]([H:25])([H:26])[H:27])([H:20])[H:21].[C:5]([C:6]([C:7]([H:13])([H:14])[H:15])([C:8]([H:16])([H:17])[H:18])[O:9][H:19])([H:10])([H:11])[H:12]
0,61,43,[C:1]([C:2]([C:3]([N:4]([C:5]([H:16])([H:17])[H:18])[C:7]([H:19])([H:20])[H:21])([H:14])[H:15])([H:12])[H:13])([H:9])([H:10])[H:11].[C:6]([I:8])([H:22])([H:23])[H:24]>>[C:1]([C:2]([C:3]([N+:4]([C:5]([H:16])([H:17])[H:18])([C:6]([H:22])([H:23])[H:24])[C:7]([H:19])([H:20])[H:21])([H:14])[H:15])([H:12])[H:13])([H:9])([H:10])[H:11].[I-:8]
0,62,44,[C:1]([C:2]([C:3]1([H:17])[O:4][C:5]([H:18])([H:19])[C:6]([H:20])([H:21])[O:7]1)([H:15])[H:16])([N+:9]([C:8]([H:22])([H:23])[H:24])([C:10]([H:25])([H:26])[H:27])[C:11]([H:28])([H:29])[H:30])([H:13])[H:14].[O-:12][H:31]>>[C:1](=[C:2]([C:3]1([H:17])[O:4][C:5]([H:18])([H:19])[C:6]([H:20])([H:21])[O:7]1)[H:15])([H:13])[H:14].[C:8]([N:9]([C:10]([H:25])([H:26])[H:27])[C:11]([H:28])([H:29])[H:30])([H:22])([H:23])[H:24].[O:12]([H:16])[H:31]
1,63,44,[C:1]([C:2]([C:3]1([H:17])[O:4][C:5]([H:18])([H:19])[C:6]([H:20])([H:21])[O:7]1)([H:15])[H:16])([N+:9]([C:8]([H:22])([H:23])[H:24])([C:10]([H:25])([H:26])[H:27])[C:11]([H:28])([H:29])[H:30])([H:13])[H:14].[O-:12][H:31]>>[C:1]([C:2]([C:3]1([H:17])[O:4][C:5]([H:18])([H:19])[C:6]([H:20])([H:21])[O:7]1)([H:15])[H:16])([O:12][H:31])([H:13])[H:14].[C:8]([N:9]([C:10]([H:25])([H:26])[H:27])[C:11]([H:28])([H:29])[H:30])([H:22])([H:23])[H:24]
2,64,44,[C:1]([C:2]([C:3]1([H:17])[O:4][C:5]([H:18])([H:19])[C:6]([H:20])([H:21])[O:7]1)([H:15])[H:16])([N+:9]([C:8]([H:22])([H:23])[H:24])([C:10]([H:25])([H:26])[H:27])[C:11]([H:28])([H:29])[H:30])([H:13])[H:14].[O-:12][H:31]>>[C:11]([O:12][H:31])([H:28])([H:29])[H:30].[C:1]([C:2]([C:3]1([H:17])[O:4][C:5]([H:18])([H:19])[C:6]([H:20])([H:21])[O:7]1)([H:15])[H:16])([N:9]([C:8]([H:22])([H:23])[H:24])[C:10]([H:25])([H:26])[H:27])([H:13])[H:14]
0,65,45,[Br:6][H:7].[C:1]([C:2]([C:3]([C:4]([H:13])([H:14])[H:15])=[C:5]([H:16])[H:17])([H:11])[H:12])([H:8])([H:9])[H:10]>>[Br-:6].[C:1]([C:2]([C+:3]([C:4]([H:13])([H:14])[H:15])[C:5]([H:7])([H:16])[H:17])([H:11])[H:12])([H:8])([H:9])[H:10]
0,66,46,[Br:10][H:11].[C:1](/[C:2](=[C:3](/[c:4]1[c:5]([H:17])[c:6]([H:18])[c:7]([H:19])[c:8]([H:20])[c:9]1[H:21])[H:16])[H:15])([H:12])([H:13])[H:14]>>[Br-:10].[C:1]([C:2]([C+:3]([c:4]1[c:5]([H:17])[c:6]([H:18])[c:7]([H:19])[c:8]([H:20])[c:9]1[H:21])[H:16])([H:11])[H:15])([H:12])([H:13])[H:14]
0,67,47,[Br:4][Br:7].[C:1]1([H:8])([H:9])[C:2]([H:10])([H:11])[C:3]([H:12])=[C:5]([H:13])[C:6]1([H:14])[H:15]>>[Br-:7].[C:1]1([H:8])([H:9])[C:2]([H:10])([H:11])[C@:3]2([H:12])[Br+:4][C@:5]2([H:13])[C:6]1([H:14])[H:15]
0,68,48,[Br-:1].[C@@:2]12([H:8])[C:3]([H:9])([H:10])[C:4]([H:11])([H:12])[C:5]([H:13])([H:14])[C@:6]1([H:15])[Br+:7]2>>[Br:1][C@@:2]1([H:8])[C:3]([H:9])([H:10])[C:4]([H:11])([H:12])[C:5]([H:13])([H:14])[C@@:6]1([Br:7])[H:15]
0,69,49,[C:1]([C:2](/[C:3](=[C:5](\[C:6]([H:23])([H:24])[H:25])[H:22])[H:21])([H:19])[H:20])([H:16])([H:17])[H:18].[O:4]([O:9][C:8](=[O:7])[c:10]1[c:11]([H:27])[c:12]([H:28])[c:13]([H:29])[c:14]([H:30])[c:15]1[H:31])[H:26]>>[C:1]([C:2]([C@:3]1([H:21])[O:4][C@@:5]1([C:6]([H:23])([H:24])[H:25])[H:22])([H:19])[H:20])([H:16])([H:17])[H:18].[O:7]=[C:8]([O:9][H:26])[c:10]1[c:11]([H:27])[c:12]([H:28])[c:13]([H:29])[c:14]([H:30])[c:15]1[H:31]
0,70,50,[B:1]([H:9])([H:10])[H:11].[C:2](=[C:3]1[C:4]([H:14])([H:15])[C:5]([H:16])([H:17])[C:6]([H:18])([H:19])[C:7]([H:20])([H:21])[C:8]1([H:22])[H:23])([H:12])[H:13]>>[B:1]([C:2]([C:3]1([H:11])[C:4]([H:14])([H:15])[C:5]([H:16])([H:17])[C:6]([H:18])([H:19])[C:7]([H:20])([H:21])[C:8]1([H:22])[H:23])([H:12])[H:13])([H:9])[H:10]
0,71,51,[C:1]([C:2]([Br:6])([H:10])[H:11])([H:7])([H:8])[H:9].[O-:3][C:4]([C:5]([H:14])([H:15])[H:16])([H:12])[H:13]>>[Br-:6].[C:1]([C:2]([O:3][C:4]([C:5]([H:14])([H:15])[H:16])([H:12])[H:13])([H:10])[H:11])([H:7])([H:8])[H:9]
0,72,52,[C:1]([C:2]([O-:3])([H:18])[H:19])([H:15])([H:16])[H:17].[C:4]([C:5]([H:9])([H:10])[H:11])([C:6]([H:12])([H:13])[H:14])([Br:7])[H:8]>>[Br-:7].[C:1]([C:2]([O:3][C:4]([C:5]([H:9])([H:10])[H:11])([C:6]([H:12])([H:13])[H:14])[H:8])([H:18])[H:19])([H:15])([H:16])[H:17]
1,73,52,[C:1]([C:2]([O-:3])([H:18])[H:19])([H:15])([H:16])[H:17].[C:4]([C:5]([H:9])([H:10])[H:11])([C:6]([H:12])([H:13])[H:14])([Br:7])[H:8]>>[Br-:7].[C:1]([C:2]([O:3][H:11])([H:18])[H:19])([H:15])([H:16])[H:17].[C:4](=[C:5]([H:9])[H:10])([C:6]([H:12])([H:13])[H:14])[H:8]
0,74,53,[C:1]([C:2]([C:3]([Br:7])([H:13])[H:14])([H:11])[H:12])([H:8])([H:9])[H:10].[C:4]([C:5]([O-:6])([H:18])[H:19])([H:15])([H:16])[H:17]>>[Br-:7].[C:3](=[C:2]([C:1]([H:10])([H:9])[H:8])[H:11])([H:13])[H:14].[C:4]([C:5]([O:6][H:12])([H:19])[H:18])([H:16])([H:17])[H:15]
1,75,53,[C:1]([C:2]([C:3]([Br:7])([H:13])[H:14])([H:11])[H:12])([H:8])([H:9])[H:10].[C:4]([C:5]([O-:6])([H:18])[H:19])([H:15])([H:16])[H:17]>>[Br-:7].[C:1]([C:2]([C:3]([O:6][C:5]([C:4]([H:15])([H:16])[H:17])([H:18])[H:19])([H:13])[H:14])([H:11])[H:12])([H:8])([H:9])[H:10]
0,76,54,[C:15]([C:16]([O-:17])([H:22])[H:23])([H:19])([H:20])[H:21].[C:1](=[C:2](/[c:3]1[c:4]([H:25])[c:5]([H:26])[c:6]([H:27])[c:7]([H:28])[c:8]1[H:29])[H:24])(\[c:9]1[c:10]([H:30])[c:11]([H:31])[c:12]([H:32])[c:13]([H:33])[c:14]1[H:34])[Cl:18]>>[C:15]([C:16]([O:17][H:24])([H:22])[H:23])([H:19])([H:20])[H:21].[C:1](#[C:2][c:3]1[c:4]([H:25])[c:5]([H:26])[c:6]([H:27])[c:7]([H:28])[c:8]1[H:29])[c:9]1[c:10]([H:30])[c:11]([H:31])[c:12]([H:32])[c:13]([H:33])[c:14]1[H:34].[Cl-:18]
0,77,55,[C-:4]#[C:5][c:6]1[c:7]([H:16])[c:8]([H:17])[c:9]([H:18])[c:10]([H:19])[c:11]1[H:20].[O:1]1[C:2]([H:12])([H:13])[C:3]1([H:14])[H:15]>>[O-:1][C:2]([C:3]([C:4]#[C:5][c:6]1[c:7]([H:16])[c:8]([H:17])[c:9]([H:18])[c:10]([H:19])[c:11]1[H:20])([H:14])[H:15])([H:12])[H:13]
0,78,56,[C:1]([C:2]1([H:11])[O+:3]([H:12])[C:6]([H:13])([H:14])[C:5]([H:15])([H:16])[C:4]1([H:17])[H:18])([H:8])([H:9])[H:10].[Cl-:7]>>[C:1]([C:2]([O:3][H:12])([C:4]([C:5]([C:6]([Cl:7])([H:13])[H:14])([H:15])[H:16])([H:17])[H:18])[H:11])([H:8])([H:9])[H:10]
0,79,57,[C:1]([N-:2][C:3]([H:25])([H:26])[H:27])([H:22])([H:23])[H:24].[C:4]1([H:12])([H:13])[C:5]2([O:6]1)[C:7]([H:14])([H:15])[C:8]([H:16])([H:17])[O:9][C:10]([H:18])([H:19])[C:11]2([H:20])[H:21]>>[C:1]([N:2]([C:3]([H:25])([H:26])[H:27])[C:4]([C:5]1([O-:6])[C:7]([H:14])([H:15])[C:8]([H:16])([H:17])[O:9][C:10]([H:18])([H:19])[C:11]1([H:20])[H:21])([H:12])[H:13])([H:22])([H:23])[H:24]
1,80,57,[C:1]([N-:2][C:3]([H:25])([H:26])[H:27])([H:22])([H:23])[H:24].[C:4]1([H:12])([H:13])[C:5]2([O:6]1)[C:7]([H:14])([H:15])[C:8]([H:16])([H:17])[O:9][C:10]([H:18])([H:19])[C:11]2([H:20])[H:21]>>[C:1]([N:2]([C:3]([H:25])([H:26])[H:27])[C:8]([C:7]([C:5]1([C:11]([C:10]([O-:9])([H:18])[H:19])([H:20])[H:21])[C:4]([H:12])([H:13])[O:6]1)([H:14])[H:15])([H:16])[H:17])([H:22])([H:23])[H:24]
2,81,57,[C:1]([N-:2][C:3]([H:25])([H:26])[H:27])([H:22])([H:23])[H:24].[C:4]1([H:12])([H:13])[C:5]2([O:6]1)[C:7]([H:14])([H:15])[C:8]([H:16])([H:17])[O:9][C:10]([H:18])([H:19])[C:11]2([H:20])[H:21]>>[C:1]([N:2]([C:3]([H:25])([H:26])[H:27])[C:8]([C:7]([C:5]1([C:11]([C:10]([O-:9])([H:18])[H:19])([H:20])[H:21])[C:4]([H:12])([H:13])[O:6]1)([H:14])[H:15])([H:16])[H:17])([H:22])([H:23])[H:24]
0,82,58,[C:1](=[C:2]([C@:3]1([H:15])[C:4]([H:16])([H:17])[C:5]([H:18])([H:19])[C:6]([H:20])([H:21])[C@:7]1([O-:8])[H:22])[H:14])([H:12])[H:13].[C:9]([C:10]([H:25])([H:26])[H:27])([Br:11])([H:23])[H:24]>>[Br-:11].[C:1](=[C:2]([C@:3]1([H:15])[C:4]([H:16])([H:17])[C:5]([H:18])([H:19])[C:6]([H:20])([H:21])[C@:7]1([O:8][C:9]([C:10]([H:25])([H:26])[H:27])([H:23])[H:24])[H:22])[H:14])([H:12])[H:13]
0,83,59,[Br+:1]1[C@:2]2([H:10])[C:3]([H:11])([H:12])[C:4]([H:13])([H:14])[N:5]([H:15])[C:6]([H:16])([H:17])[C:7]([H:18])([H:19])[C:8]([H:20])([H:21])[C@:9]12[H:22]>>[Br:1][C@:2]1([H:10])[C:3]([H:11])([H:12])[C:4]([H:13])([H:14])[N+:5]2([H:15])[C:6]([H:16])([H:17])[C:7]([H:18])([H:19])[C:8]([H:20])([H:21])[C@:9]12[H:22]
0,84,60,[C+:5]1([H:15])[C:6]([H:16])([H:17])[C:7]([H:18])([H:19])[C:8]([H:20])([H:21])[C:9]([H:22])([H:23])[C:10]1([H:24])[H:25].[C:1]([C:2](=[O:3])[O:4][H:14])([H:11])([H:12])[H:13]>>[C:1]([C:2](=[O:3])[O+:4]([C:5]1([H:15])[C:6]([H:16])([H:17])[C:7]([H:18])([H:19])[C:8]([H:20])([H:21])[C:9]([H:22])([H:23])[C:10]1([H:24])[H:25])[H:14])([H:11])([H:12])[H:13]
0,85,61,[C:1]([C:2]([C:3]1=[C:4]([H:17])[C:5]([H:18])=[C:6]([H:19])[C:7]1([H:20])[H:21])([H:15])[H:16])([N+:9]([C:8]([H:22])([H:23])[H:24])([C:10]([H:25])([H:26])[H:27])[C:11]([H:28])([H:29])[H:30])([H:13])[H:14].[O-:12][H:31]>>[C:1](=[C:2]([C:3]1=[C:4]([H:17])[C:5]([H:18])=[C:6]([H:19])[C:7]1([H:20])[H:21])[H:15])([H:13])[H:14].[C:8]([N:9]([C:10]([H:25])([H:26])[H:27])[C:11]([H:28])([H:29])[H:30])([H:22])([H:23])[H:24].[O:12]([H:16])[H:31]
1,86,61,[C:1]([C:2]([C:3]1=[C:4]([H:17])[C:5]([H:18])=[C:6]([H:19])[C:7]1([H:20])[H:21])([H:15])[H:16])([N+:9]([C:8]([H:22])([H:23])[H:24])([C:10]([H:25])([H:26])[H:27])[C:11]([H:28])([H:29])[H:30])([H:13])[H:14].[O-:12][H:31]>>[C:1]([C:2]([C:3]1=[C:4]([H:17])[C:5]([H:18])=[C:6]([H:19])[C:7]1([H:20])[H:21])([H:15])[H:16])([O:12][H:31])([H:13])[H:14].[C:8]([N:9]([C:10]([H:25])([H:26])[H:27])[C:11]([H:28])([H:29])[H:30])([H:22])([H:23])[H:24]
2,87,61,[C:1]([C:2]([C:3]1=[C:4]([H:17])[C:5]([H:18])=[C:6]([H:19])[C:7]1([H:20])[H:21])([H:15])[H:16])([N+:9]([C:8]([H:22])([H:23])[H:24])([C:10]([H:25])([H:26])[H:27])[C:11]([H:28])([H:29])[H:30])([H:13])[H:14].[O-:12][H:31]>>[C:11]([O:12][H:31])([H:28])([H:29])[H:30].[C:1]([C:2]([C:3]1=[C:4]([H:17])[C:5]([H:18])=[C:6]([H:19])[C:7]1([H:20])[H:21])([H:15])[H:16])([N:9]([C:8]([H:22])([H:23])[H:24])[C:10]([H:25])([H:26])[H:27])([H:13])[H:14]
0,88,62,[C:1]([C:2]1([H:21])[C:3]([H:22])([H:23])[C:4]([H:24])=[C:6]([H:25])[C:7]1([H:26])[H:27])([H:18])([H:19])[H:20].[O:5]([O:10][C:9](=[O:8])[c:11]1[c:12]([H:29])[c:13]([H:30])[c:14]([H:31])[c:15]([Cl:16])[c:17]1[H:32])[H:28]>>[C:1]([C:2]1([H:21])[C:3]([H:22])([H:23])[C@:4]2([H:24])[O:5][C@:6]2([H:25])[C:7]1([H:26])[H:27])([H:18])([H:19])[H:20].[O:8]=[C:9]([O:10][H:28])[c:11]1[c:12]([H:29])[c:13]([H:30])[c:14]([H:31])[c:15]([Cl:16])[c:17]1[H:32]
0,89,63,[C:1](=[C:2]([C@:3]1([H:13])[C:4]([H:14])([H:15])[C:5]([H:16])([H:17])[C:6]([H:18])([H:19])[C@:7]1([O-:8])[H:20])[H:12])([H:10])[H:11].[O+:9]([H:21])([H:22])[H:23]>>[C:1](=[C:2]([C@:3]1([H:13])[C:4]([H:14])([H:15])[C:5]([H:16])([H:17])[C:6]([H:18])([H:19])[C@:7]1([O:8][H:21])[H:20])[H:12])([H:10])[H:11].[O:9]([H:22])[H:23]
0,90,64,[C:1]1([H:12])([H:13])[C:2]([H:14])([H:15])[C:3]([H:16])([H:17])[C:4]2([C:5]([H:18])([H:19])[C:6]1([H:20])[H:21])[O:7][C:8]([H:22])([H:23])[C:9]([H:24])([H:25])[O:10]2.[O+:11]([H:26])([H:27])[H:28]>>[C:1]1([H:12])([H:13])[C:2]([H:14])([H:15])[C:3]([H:16])([H:17])[C:4]2([C:5]([H:18])([H:19])[C:6]1([H:20])[H:21])[O:7][C:8]([H:22])([H:23])[C:9]([H:24])([H:25])[O+:10]2[H:26].[O:11]([H:27])[H:28]
0,91,65,[O:1]([C:2]([C:3]([O+:4]=[C:5]1[C:7]([H:19])([H:20])[C:8]([H:21])([H:22])[C:9]([H:23])([H:24])[C:10]([H:25])([H:26])[C:11]1([H:27])[H:28])([H:17])[H:18])([H:15])[H:16])[H:14].[O:6]([H:12])[H:13]>>[O:1]([C:2]([C:3]([O:4][C:5]1([O+:6]([H:12])[H:13])[C:7]([H:19])([H:20])[C:8]([H:21])([H:22])[C:9]([H:23])([H:24])[C:10]([H:25])([H:26])[C:11]1([H:27])[H:28])([H:17])[H:18])([H:15])[H:16])[H:14]
0,92,66,[C:1]([C:2]([C:3]([H:12])([H:13])[H:14])([C:4]([H:15])([H:16])[H:17])[Br:8])([H:9])([H:10])[H:11].[C:5]([C:6]([O-:7])([H:21])[H:22])([H:18])([H:19])[H:20]>>[Br-:8].[C:1](=[C:2]([C:3]([H:12])([H:13])[H:14])[C:4]([H:15])([H:16])[H:17])([H:9])[H:10].[C:5]([C:6]([O:7][H:11])([H:21])[H:22])([H:18])([H:19])[H:20]
0,93,67,[C:1]([O-:2])([H:22])([H:23])[H:24].[C:3]1(=[O:4])[c:5]2[c:6]([H:15])[c:7]([H:16])[c:8]([H:17])[c:9]([H:18])[c:10]2[C:11](=[O:12])[N:13]1[C:14]([H:19])([H:20])[H:21]>>[C:1]([O:2][C:3]1([O-:4])[c:5]2[c:6]([H:15])[c:7]([H:16])[c:8]([H:17])[c:9]([H:18])[c:10]2[C:11](=[O:12])[N:13]1[C:14]([H:19])([H:20])[H:21])([H:22])([H:23])[H:24]
0,94,68,[O:1]1[C:2]([H:13])([H:14])[C:3]([H:15])([H:16])[C:4]([H:17])([H:18])[O+:5]([H:19])[C:6]1([c:7]1[c:8]([H:21])[c:9]([H:22])[c:10]([H:23])[c:11]([H:24])[c:12]1[H:25])[H:20]>>[O:1]([C:2]([C:3]([C:4](/[O+:5]=[C:6](/[c:7]1[c:8]([H:21])[c:9]([H:22])[c:10]([H:23])[c:11]([H:24])[c:12]1[H:25])[H:20])([H:17])[H:18])([H:15])[H:16])([H:13])[H:14])[H:19]
0,95,69,[C:1](=[C:2]([C:3]([C:4]([C:5]([Cl:10])([H:17])[H:18])([H:15])[H:16])([H:13])[H:14])[C:8]([N-:6][C:7]([H:19])([H:20])[H:21])=[O:9])([H:11])[H:12]>>[C:1](=[C:2]1[C:3]([H:13])([H:14])[C:4]([H:15])([H:16])[C:5]([H:17])([H:18])[N:6]([C:7]([H:19])([H:20])[H:21])[C:8]1=[O:9])([H:11])[H:12].[Cl-:10]
0,96,70,[B:1]([H:12])([H:13])[H:14].[C:2](=[C:3]([C@:4]1([H:18])[C:5]([H:19])([H:20])[C:6]([H:21])([H:22])[C:7]([H:23])([H:24])[C@:8]1([O:9][C:10]([C:11]([H:28])([H:29])[H:30])([H:26])[H:27])[H:25])[H:17])([H:15])[H:16]>>[B:1]([C:2]([C:3]([C@:4]1([H:18])[C:5]([H:19])([H:20])[C:6]([H:21])([H:22])[C:7]([H:23])([H:24])[C@:8]1([O:9][C:10]([C:11]([H:28])([H:29])[H:30])([H:26])[H:27])[H:25])([H:14])[H:17])([H:15])[H:16])([H:12])[H:13]
0,97,71,[B:11]([C:12]([C:13]([C@:14]1([H:28])[C:15]([H:29])([H:30])[C:16]([H:31])([H:32])[C:17]([H:33])([H:34])[C@:18]1([O:19][C:20]([C:21]([H:38])([H:39])[H:40])([H:36])[H:37])[H:35])([H:26])[H:27])([H:24])[H:25])([H:22])[H:23].[C:1]([C:2]([O:3][C@:4]1([H:46])[C:5]([H:47])([H:48])[C:6]([H:49])([H:50])[C:7]([H:51])([H:52])[C@:8]1([C:9](=[C:10]([H:55])[H:56])[H:54])[H:53])([H:44])[H:45])([H:41])([H:42])[H:43]>>[C:1]([C:2]([O:3][C@:4]1([H:46])[C:5]([H:47])([H:48])[C:6]([H:49])([H:50])[C:7]([H:51])([H:52])[C@:8]1([C:9]([C:10]([B:11]([C:12]([C:13]([C@:14]1([H:28])[C:15]([H:29])([H:30])[C:16]([H:31])([H:32])[C:17]([H:33])([H:34])[C@:18]1([O:19][C:20]([C:21]([H:38])([H:39])[H:40])([H:36])[H:37])[H:35])([H:26])[H:27])([H:24])[H:25])[H:23])([H:55])[H:56])([H:22])[H:54])[H:53])([H:44])[H:45])([H:41])([H:42])[H:43]
0,98,72,[B-:1]([H:21])([H:22])([H:23])[H:24].[O:2]=[C:3]1[C@@:4]2([H:13])[C:5]([H:14])([H:15])[C:6]([H:16])=[C:7]([H:17])[C:8]([H:18])([H:19])[C@@:9]2([H:20])[C:10](=[O:11])[O:12]1>>[B:1]([H:22])([H:23])[H:24].[O:2]=[C:3]([C@@:4]1([H:13])[C:5]([H:14])([H:15])[C:6]([H:16])=[C:7]([H:17])[C:8]([H:18])([H:19])[C@:9]1([C:10](=[O:11])[O-:12])[H:20])[H:21]
0,99,73,[C:1]([C:2]([C:3](=[O:4])[O:5][H:14])([H:12])[H:13])([H:9])([H:10])[H:11].[C:6]([N:7]([C:8]([H:19])([H:20])[H:21])[H:18])([H:15])([H:16])[H:17]>>[C:1]([C:2]([C:3](=[O:4])[O-:5])([H:12])[H:13])([H:9])([H:10])[H:11].[C:6]([N+:7]([C:8]([H:19])([H:20])[H:21])([H:14])[H:18])([H:15])([H:16])[H:17]
0,100,74,[C:1](#[C:2][C:3]([O:4][H:9])([H:7])[H:8])[H:6].[N-:5]([H:10])[H:11]>>[C:1](#[C:2][C:3]([O-:4])([H:7])[H:8])[H:6].[N:5]([H:9])([H:10])[H:11]
0,101,75,[C:1](#[C:2][C:3]([O-:4])([H:11])[H:12])[H:10].[C:5](/[C:6](=[C:7](/[C:8]([H:17])([H:18])[H:19])[H:16])[H:15])([Br:9])([H:13])[H:14]>>[Br-:9].[C:1](#[C:2][C:3]([O:4][C:5](/[C:6](=[C:7](/[C:8]([H:17])([H:18])[H:19])[H:16])[H:15])([H:13])[H:14])([H:11])[H:12])[H:10]
0,102,76,[C:1]([C:2]([C:3]([H:10])([H:11])[H:12])([C:4]([Br:6])([H:13])[H:14])[O-:5])([H:7])([H:8])[H:9]>>[Br-:6].[C:1]([C:2]1([C:3]([H:10])([H:11])[H:12])[C:4]([H:13])([H:14])[O:5]1)([H:7])([H:8])[H:9]
0,103,77,[C:2]1([C:5]2=[C:6]([H:15])[C:7]([H:16])=[C:8]([H:17])[C:9]([H:18])=[C:10]2[H:19])([H:14])[C:3]([H:20])([H:21])[O:4]1.[N:1]([H:11])([H:12])[H:13]>>[N+:1]([C:2]([C:3]([O-:4])([H:20])[H:21])([C:5]1=[C:6]([H:15])[C:7]([H:16])=[C:8]([H:17])[C:9]([H:18])=[C:10]1[H:19])[H:14])([H:11])([H:12])[H:13]
1,104,77,[C:2]1([C:5]2=[C:6]([H:15])[C:7]([H:16])=[C:8]([H:17])[C:9]([H:18])=[C:10]2[H:19])([H:14])[C:3]([H:20])([H:21])[O:4]1.[N:1]([H:11])([H:12])[H:13]>>[N+:1]([C:3]([C:2]([O-:4])([C:5]1=[C:6]([H:15])[C:7]([H:16])=[C:8]([H:17])[C:9]([H:18])=[C:10]1[H:19])[H:14])([H:20])[H:21])([H:11])([H:12])[H:13]
0,105,78,[C:13]([C:14]([C:15]([H:31])([H:32])[H:33])([C:16]([H:34])([H:35])[H:36])[O-:17])([H:28])([H:29])[H:30].[C:1]([C:2](=[O:3])[C:4]([C:5](=[O:6])[c:7]1[c:8]([H:23])[c:9]([H:24])[c:10]([H:25])[c:11]([H:26])[c:12]1[H:27])([H:21])[H:22])([H:18])([H:19])[H:20]>>[C:13]([C:14]([C:15]([H:31])([H:32])[H:33])([C:16]([H:34])([H:35])[H:36])[O:17][H:22])([H:28])([H:29])[H:30].[C:1]([C:2](=[O:3])/[C:4](=[C:5](\[O-:6])[c:7]1[c:8]([H:23])[c:9]([H:24])[c:10]([H:25])[c:11]([H:26])[c:12]1[H:27])[H:21])([H:18])([H:19])[H:20]
1,106,78,[C:13]([C:14]([C:15]([H:31])([H:32])[H:33])([C:16]([H:34])([H:35])[H:36])[O-:17])([H:28])([H:29])[H:30].[C:1]([C:2](=[O:3])[C:4]([C:5](=[O:6])[c:7]1[c:8]([H:23])[c:9]([H:24])[c:10]([H:25])[c:11]([H:26])[c:12]1[H:27])([H:21])[H:22])([H:18])([H:19])[H:20]>>[C:13]([C:14]([C:15]([H:31])([H:32])[H:33])([C:16]([H:34])([H:35])[H:36])[O:17][H:20])([H:28])([H:29])[H:30].[C:1](=[C:2]([O-:3])[C:4]([C:5](=[O:6])[c:7]1[c:8]([H:23])[c:9]([H:24])[c:10]([H:25])[c:11]([H:26])[c:12]1[H:27])([H:21])[H:22])([H:18])[H:19]
2,107,78,[C:13]([C:14]([C:15]([H:31])([H:32])[H:33])([C:16]([H:34])([H:35])[H:36])[O-:17])([H:28])([H:29])[H:30].[C:1]([C:2](=[O:3])[C:4]([C:5](=[O:6])[c:7]1[c:8]([H:23])[c:9]([H:24])[c:10]([H:25])[c:11]([H:26])[c:12]1[H:27])([H:21])[H:22])([H:18])([H:19])[H:20]>>[C:13]([C:14]([C:15]([H:31])([H:32])[H:33])([C:16]([H:34])([H:35])[H:36])[O:17][H:22])([H:28])([H:29])[H:30].[C:1](/[C:2]([O-:3])=[C:4](/[C:5](=[O:6])[c:7]1[c:8]([H:23])[c:9]([H:24])[c:10]([H:25])[c:11]([H:26])[c:12]1[H:27])[H:21])([H:18])([H:19])[H:20]
0,108,79,[C:1]([O-:2])([H:20])([H:21])[H:22].[C:3]([C:4]([H:12])([H:13])[H:14])(=[O:5])[c:6]1[c:7]([H:15])[c:8]([H:16])[c:9]([H:17])[c:10]([H:18])[c:11]1[H:19]>>[C:1]([O:2][C:3]([C:4]([H:12])([H:13])[H:14])([O-:5])[c:6]1[c:7]([H:15])[c:8]([H:16])[c:9]([H:17])[c:10]([H:18])[c:11]1[H:19])([H:20])([H:21])[H:22]
1,109,79,[C:1]([O-:2])([H:20])([H:21])[H:22].[C:3]([C:4]([H:12])([H:13])[H:14])(=[O:5])[c:6]1[c:7]([H:15])[c:8]([H:16])[c:9]([H:17])[c:10]([H:18])[c:11]1[H:19]>>[C:1]([O:2][H:14])([H:20])([H:21])[H:22].[C:3](=[C:4]([H:12])[H:13])([O-:5])[c:6]1[c:7]([H:15])[c:8]([H:16])[c:9]([H:17])[c:10]([H:18])[c:11]1[H:19]
0,110,80,[B-:1]([H:15])([H:16])([H:17])[H:18].[C:2]([C:3]([C:4]([C:5]([H:12])([H:13])[H:14])=[O:6])([H:10])[H:11])([H:7])([H:8])[H:9]>>[B:1]([H:16])([H:17])[H:18].[C:2]([C:3]([C:4]([C:5]([H:12])([H:13])[H:14])([O-:6])[H:15])([H:10])[H:11])([H:7])([H:8])[H:9]
0,111,81,[C:1]([C:2](/[C:3]([O-:4])=[C:5](/[C:6]([c:7]1[c:8]([H:22])[c:9]([H:23])[c:10]([H:24])[c:11]([Cl:12])[c:13]1[H:25])([O:14][H:26])[H:21])[H:20])([H:18])[H:19])([H:15])([H:16])[H:17]>>[C:1]([C:2]([C:3](=[O:4])/[C:5](=[C:6](/[c:7]1[c:8]([H:22])[c:9]([H:23])[c:10]([H:24])[c:11]([Cl:12])[c:13]1[H:25])[H:21])[H:20])([H:18])[H:19])([H:15])([H:16])[H:17].[O-:14][H:26]
0,112,82,[C:1]([C:2]([N:3]([C:4]([H:20])([H:21])[H:22])[H:19])([H:17])[H:18])([H:14])([H:15])[H:16].[O:5]=[C:6]([O:7][H:23])[c:8]1[c:9]([H:24])[c:10]([H:25])[c:11]([H:26])[c:12]([H:27])[c:13]1[H:28]>>[C:1]([C:2]([N+:3]([C:4]([H:20])([H:21])[H:22])([H:19])[H:23])([H:17])[H:18])([H:14])([H:15])[H:16].[O:5]=[C:6]([O-:7])[c:8]1[c:9]([H:24])[c:10]([H:25])[c:11]([H:26])[c:12]([H:27])[c:13]1[H:28]
0,113,83,[C:1](/[C:2](=[C:3](/[S:4](=[O:5])(=[O:6])[Br:12])[H:17])[H:16])([H:13])([H:14])[H:15].[O:7]([C:8]([C:9]([C:10]([C:11]([H:25])([H:26])[H:27])([H:23])[H:24])([H:21])[H:22])([H:19])[H:20])[H:18]>>[Br-:12].[C:1](/[C:2](=[C:3](/[S:4](=[O:5])(=[O:6])[O+:7]([C:8]([C:9]([C:10]([C:11]([H:25])([H:26])[H:27])([H:23])[H:24])([H:21])[H:22])([H:19])[H:20])[H:18])[H:17])[H:16])([H:13])([H:14])[H:15]
0,114,84,[C:1]([N-:2][C:3]([H:32])([H:33])[H:34])([H:29])([H:30])[H:31].[C:4]1([H:13])([H:14])[C:5]([C:6]([H:15])([H:16])[H:17])([C:8]([C:9]([C:10]([H:20])([H:21])[H:22])([C:11]([H:23])([H:24])[H:25])[C:12]([H:26])([H:27])[H:28])([H:18])[H:19])[O:7]1>>[C:1]([N:2]([C:3]([H:32])([H:33])[H:34])[C:4]([C:5]([C:6]([H:15])([H:16])[H:17])([O-:7])[C:8]([C:9]([C:10]([H:20])([H:21])[H:22])([C:11]([H:23])([H:24])[H:25])[C:12]([H:26])([H:27])[H:28])([H:18])[H:19])([H:13])[H:14])([H:29])([H:30])[H:31]
0,115,85,[C:1](=[C:2]([C:3]([Br:10])([H:14])[H:15])[H:13])([H:11])[H:12].[O-:4][C:5]1([H:16])[C:6]([H:17])([H:18])[C:7]([H:19])([H:20])[C:8]([H:21])([H:22])[C:9]1([H:23])[H:24]>>[Br-:10].[C:1](=[C:2]([C:3]([O:4][C:5]1([H:16])[C:6]([H:17])([H:18])[C:7]([H:19])([H:20])[C:8]([H:21])([H:22])[C:9]1([H:23])[H:24])([H:14])[H:15])[H:13])([H:11])[H:12]
0,116,86,[Br:11][H:12].[C:1]([C:2]([C:3]([H:16])([H:17])[H:18])=[C:4]([c:5]1[c:6]([H:20])[c:7]([H:21])[c:8]([H:22])[c:9]([H:23])[c:10]1[H:24])[H:19])([H:13])([H:14])[H:15]>>[Br-:11].[C:1]([C+:2]([C:3]([H:16])([H:17])[H:18])[C:4]([c:5]1[c:6]([H:20])[c:7]([H:21])[c:8]([H:22])[c:9]([H:23])[c:10]1[H:24])([H:12])[H:19])([H:13])([H:14])[H:15]
1,117,86,[Br:11][H:12].[C:1]([C:2]([C:3]([H:16])([H:17])[H:18])=[C:4]([c:5]1[c:6]([H:20])[c:7]([H:21])[c:8]([H:22])[c:9]([H:23])[c:10]1[H:24])[H:19])([H:13])([H:14])[H:15]>>[Br-:11].[C:1]([C:2]([C:3]([H:16])([H:17])[H:18])([C+:4]([c:5]1[c:6]([H:20])[c:7]([H:21])[c:8]([H:22])[c:9]([H:23])[c:10]1[H:24])[H:19])[H:12])([H:13])([H:14])[H:15]
0,118,87,[C:1]([C:2]([O-:3])([H:18])[H:19])([H:15])([H:16])[H:17].[C:4]([C:5]([H:9])([H:10])[H:11])([C:6]([H:12])([H:13])[H:14])([I:7])[H:8]>>[C:1]([C:2]([O:3][C:4]([C:5]([H:9])([H:10])[H:11])([C:6]([H:12])([H:13])[H:14])[H:8])([H:18])[H:19])([H:15])([H:16])[H:17].[I-:7]
0,119,88,[C:1]([C:2]([Br:6])([H:10])[H:11])([H:7])([H:8])[H:9].[N:3]([C:4]([C:5]([H:16])([H:17])[H:18])([H:14])[H:15])([H:12])[H:13]>>[Br-:6].[C:1]([C:2]([N+:3]([C:4]([C:5]([H:16])([H:17])[H:18])([H:14])[H:15])([H:12])[H:13])([H:10])[H:11])([H:7])([H:8])[H:9]
0,120,89,[C:1]([C:2]1([O:3][H:13])[C:4]([H:14])=[C:5]([H:15])[C:6]([H:16])=[C:7]([H:17])[C:8]1([H:18])[H:19])([H:10])([H:11])[H:12].[O+:9]([H:20])([H:21])[H:22]>>[C:1]([C:2]1([O+:3]([H:13])[H:20])[C:4]([H:14])=[C:5]([H:15])[C:6]([H:16])=[C:7]([H:17])[C:8]1([H:18])[H:19])([H:10])([H:11])[H:12].[O:9]([H:21])[H:22]
0,121,90,[C:1]([C:2]1([O+:8]([H:12])[H:13])[C:3]([H:14])=[C:4]([H:15])[C:5]([H:16])=[C:6]([H:17])[C:7]1([H:18])[H:19])([H:9])([H:10])[H:11]>>[C:1]([C+:2]1[C:3]([H:14])=[C:4]([H:15])[C:5]([H:16])=[C:6]([H:17])[C:7]1([H:18])[H:19])([H:9])([H:10])[H:11].[O:8]([H:12])[H:13]
0,122,91,[N+:1](#[C:2][C:4]([c:5]1[c:6]([H:16])[c:7]([H:17])[c:8]([H:18])[c:9]([H:19])[c:10]1[H:20])([H:14])[H:15])[H:13].[O:3]([H:11])[H:12]>>[N:1](=[C:2]([O+:3]([H:11])[H:12])[C:4]([c:5]1[c:6]([H:16])[c:7]([H:17])[c:8]([H:18])[c:9]([H:19])[c:10]1[H:20])([H:14])[H:15])[H:13]
1,123,91,[N+:1](#[C:2][C:4]([c:5]1[c:6]([H:16])[c:7]([H:17])[c:8]([H:18])[c:9]([H:19])[c:10]1[H:20])([H:14])[H:15])[H:13].[O:3]([H:11])[H:12]>>[N:1]#[C:2][C:4]([c:5]1[c:6]([H:16])[c:7]([H:17])[c:8]([H:18])[c:9]([H:19])[c:10]1[H:20])([H:14])[H:15].[O+:3]([H:11])([H:12])[H:13]
0,124,92,[C:1]([C:2]([O-:3])([H:24])[H:25])([H:21])([H:22])[H:23].[C:4]([C:5]1([H:13])[C:6]([H:14])([H:15])[O+:9]([H:16])[C:8]([H:17])([H:18])[C:7]1([H:19])[H:20])([H:10])([H:11])[H:12]>>[C:1]([C:2]([O:3][C:6]([C:5]([C:4]([H:10])([H:12])[H:11])([C:7]([C:8]([O:9][H:16])([H:17])[H:18])([H:19])[H:20])[H:13])([H:14])[H:15])([H:24])[H:25])([H:21])([H:22])[H:23]
1,125,92,[C:1]([C:2]([O-:3])([H:24])[H:25])([H:21])([H:22])[H:23].[C:4]([C:5]1([H:13])[C:6]([H:14])([H:15])[O+:9]([H:16])[C:8]([H:17])([H:18])[C:7]1([H:19])[H:20])([H:10])([H:11])[H:12]>>[C:1]([C:2]([O:3][C:8]([C:7]([C:5]([C:4]([H:10])([H:11])[H:12])([C:6]([O:9][H:16])([H:14])[H:15])[H:13])([H:19])[H:20])([H:17])[H:18])([H:24])[H:25])([H:21])([H:22])[H:23]
0,126,93,[C:1]([O:2][C:3]([C:4]([H:10])([H:11])[H:12])([C:5]([H:13])([H:14])[H:15])[H:9])([Br:6])([H:7])[H:8]>>[Br-:6].[C:1](=[O+:2][C:3]([C:4]([H:10])([H:11])[H:12])([C:5]([H:13])([H:14])[H:15])[H:9])([H:7])[H:8]
0,127,94,[C:1]([C:2]([O-:3])([H:11])[H:12])([H:8])([H:9])[H:10].[C:4]([C:5](=[O:6])[H:15])([Cl:7])([H:13])[H:14]>>[C:1]([C:2]([O:3][C:4]([C:5](=[O:6])[H:15])([H:13])[H:14])([H:11])[H:12])([H:8])([H:9])[H:10].[Cl-:7]
1,128,94,[C:1]([C:2]([O-:3])([H:11])[H:12])([H:8])([H:9])[H:10].[C:4]([C:5](=[O:6])[H:15])([Cl:7])([H:13])[H:14]>>[C:1]([C:2]([O:3][H:13])([H:11])[H:12])([H:8])([H:9])[H:10].[C:4](=[C:5](\[O-:6])[H:15])(\[Cl:7])[H:14]
2,129,94,[C:1]([C:2]([O-:3])([H:11])[H:12])([H:8])([H:9])[H:10].[C:4]([C:5](=[O:6])[H:15])([Cl:7])([H:13])[H:14]>>[C:1]([C:2]([O:3][C:5]([C:4]([Cl:7])([H:13])[H:14])([O-:6])[H:15])([H:11])[H:12])([H:8])([H:9])[H:10]
0,130,95,[C:1]([C:2]([C:3]([H:10])([H:11])[H:12])([C:4]([Cl:6])([H:13])[H:14])[O-:5])([H:7])([H:8])[H:9]>>[C:1]([C:2]1([C:3]([H:10])([H:11])[H:12])[C:4]([H:13])([H:14])[O:5]1)([H:7])([H:8])[H:9].[Cl-:6]
0,131,96,[C:1]([N-:2][H:15])([H:12])([H:13])[H:14].[C:3]([c:4]1[c:5]([H:18])[c:6]([H:19])[c:7]([H:20])[c:8]([C:9]([H:21])([H:22])[H:23])[c:10]1[H:24])([Cl:11])([H:16])[H:17]>>[C:1]([N:2]([C:3]([c:4]1[c:5]([H:18])[c:6]([H:19])[c:7]([H:20])[c:8]([C:9]([H:21])([H:22])[H:23])[c:10]1[H:24])([H:16])[H:17])[H:15])([H:12])([H:13])[H:14].[Cl-:11]
0,132,97,[N+:1]([C:6]([c:5]1[c:4]([H:17])[c:3]([H:18])[c:2]([H:19])[c:12]([H:20])[c:11]1[H:21])([C:7]([C:8]([C:9]([O-:10])([H:26])[H:27])([H:24])[H:25])([H:22])[H:23])[H:16])([H:13])([H:14])[H:15]>>[N:1]([H:13])([H:14])[H:15].[c:2]1([H:19])[c:3]([H:18])[c:4]([H:17])[c:5]([C:6]2([H:16])[C:7]([H:22])([H:23])[C:8]([H:24])([H:25])[C:9]([H:26])([H:27])[O:10]2)[c:11]([H:21])[c:12]1[H:20]
0,133,98,[C:1]([C:2]([C:3]([C:4]([H:15])([H:16])[H:17])([C:5]([H:18])([H:19])[H:20])[Cl:9])([H:13])[H:14])([H:10])([H:11])[H:12].[C:6]([C:7]([O-:8])([H:24])[H:25])([H:21])([H:22])[H:23]>>[C:1]([C:2](=[C:3]([C:4]([H:15])([H:16])[H:17])[C:5]([H:18])([H:19])[H:20])[H:13])([H:10])([H:11])[H:12].[C:6]([C:7]([O:8][H:14])([H:24])[H:25])([H:21])([H:22])[H:23].[Cl-:9]
1,134,98,[C:1]([C:2]([C:3]([C:4]([H:15])([H:16])[H:17])([C:5]([H:18])([H:19])[H:20])[Cl:9])([H:13])[H:14])([H:10])([H:11])[H:12].[C:6]([C:7]([O-:8])([H:24])[H:25])([H:21])([H:22])[H:23]>>[C:1]([C:2]([C:3](=[C:4]([H:15])[H:16])[C:5]([H:18])([H:19])[H:20])([H:13])[H:14])([H:10])([H:11])[H:12].[C:6]([C:7]([O:8][H:17])([H:24])[H:25])([H:21])([H:22])[H:23].[Cl-:9]
0,135,99,[C:1]([C:2]([O:3][C:4]([H:21])([H:22])[H:23])([H:19])[H:20])([N+:9]([C:8]([H:24])([H:25])[H:26])([C:10]([H:27])([H:28])[H:29])[C:11]([H:30])([H:31])[H:32])([H:17])[H:18].[C:5]([C:6]([O-:7])([H:15])[H:16])([H:12])([H:13])[H:14]>>[C:1](=[C:2]([O:3][C:4]([H:21])([H:22])[H:23])[H:20])([H:17])[H:18].[C:5]([C:6]([O:7][H:19])([H:15])[H:16])([H:12])([H:13])[H:14].[C:8]([N:9]([C:10]([H:27])([H:28])[H:29])[C:11]([H:30])([H:31])[H:32])([H:24])([H:25])[H:26]
1,136,99,[C:1]([C:2]([O:3][C:4]([H:21])([H:22])[H:23])([H:19])[H:20])([N+:9]([C:8]([H:24])([H:25])[H:26])([C:10]([H:27])([H:28])[H:29])[C:11]([H:30])([H:31])[H:32])([H:17])[H:18].[C:5]([C:6]([O-:7])([H:15])[H:16])([H:12])([H:13])[H:14]>>[C:1]([C:2]([O:3][C:4]([H:21])([H:22])[H:23])([H:19])[H:20])([O:7][C:6]([C:5]([H:12])([H:13])[H:14])([H:15])[H:16])([H:17])[H:18].[C:8]([N:9]([C:10]([H:27])([H:28])[H:29])[C:11]([H:30])([H:31])[H:32])([H:24])([H:25])[H:26]
2,137,99,[C:1]([C:2]([O:3][C:4]([H:21])([H:22])[H:23])([H:19])[H:20])([N+:9]([C:8]([H:24])([H:25])[H:26])([C:10]([H:27])([H:28])[H:29])[C:11]([H:30])([H:31])[H:32])([H:17])[H:18].[C:5]([C:6]([O-:7])([H:15])[H:16])([H:12])([H:13])[H:14]>>[C:1]([C:2]([O:3][C:4]([H:21])([H:22])[H:23])([H:19])[H:20])([N:9]([C:10]([H:27])([H:28])[H:29])[C:11]([H:30])([H:31])[H:32])([H:17])[H:18].[C:5]([C:6]([O:7][C:8]([H:24])([H:25])[H:26])([H:15])[H:16])([H:12])([H:13])[H:14]
0,138,100,[Br:1][Br:8].[c:2]1([H:11])[c:3]([H:12])[c:4]([H:13])[c:5]([C:6](=[C:7]([H:15])[H:16])[H:14])[c:9]([H:17])[c:10]1[H:18]>>[Br-:1].[c:2]1([H:11])[c:3]([H:12])[c:4]([H:13])[c:5]([C:6]2([H:14])[C:7]([H:15])([H:16])[Br+:8]2)[c:9]([H:17])[c:10]1[H:18]
0,139,101,[C:3](=[O:4])([c:5]1[c:6]([H:12])[c:7]([H:13])[c:8]([H:14])[c:9]([H:15])[c:10]1[H:16])[H:11].[N:1]#[C-:2]>>[N:1]#[C:2][C:3]([O-:4])([c:5]1[c:6]([H:12])[c:7]([H:13])[c:8]([H:14])[c:9]([H:15])[c:10]1[H:16])[H:11]
0,140,102,[C:1]([C:2]([C:3]([O-:4])([O:5][C:6]([H:13])([H:14])[H:15])[Cl:7])([H:11])[H:12])([H:8])([H:9])[H:10]>>[C:1]([C:2]([C:3](=[O:4])[O:5][C:6]([H:13])([H:14])[H:15])([H:11])[H:12])([H:8])([H:9])[H:10].[Cl-:7]
0,141,103,[C-:5]#[N:6].[C:1]([C:2]([C:3]([H:12])([H:13])[H:14])([C:4]([O+:7]([H:17])[H:18])([H:15])[H:16])[H:11])([H:8])([H:9])[H:10]>>[C:1]([C:2]([C:3]([H:12])([H:13])[H:14])([C:4]([C:5]#[N:6])([H:15])[H:16])[H:11])([H:8])([H:9])[H:10].[O:7]([H:17])[H:18]
1,142,103,[C-:5]#[N:6].[C:1]([C:2]([C:3]([H:12])([H:13])[H:14])([C:4]([O+:7]([H:17])[H:18])([H:15])[H:16])[H:11])([H:8])([H:9])[H:10]>>[C:1]([C:2]([C:3]([H:12])([H:13])[H:14])([C:4]([O:7][H:18])([H:15])[H:16])[H:11])([H:8])([H:9])[H:10].[C:5](#[N:6])[H:17]
0,143,104,[C:1]([C:2]([C:3]([O-:4])=[C:5]([H:19])[H:20])([H:17])[H:18])([H:14])([H:15])[H:16].[C:6](=[O:7])([c:8]1[c:9]([H:22])[c:10]([H:23])[c:11]([H:24])[c:12]([H:25])[c:13]1[H:26])[H:21]>>[C:1]([C:2]([C:3](=[O:4])[C:5]([C:6]([O-:7])([c:8]1[c:9]([H:22])[c:10]([H:23])[c:11]([H:24])[c:12]([H:25])[c:13]1[H:26])[H:21])([H:19])[H:20])([H:17])[H:18])([H:14])([H:15])[H:16]
0,144,105,[C:1]([C:2]([C:3]([H:10])([H:11])[H:12])([O-:4])[O:6][C:5]([H:13])([H:14])[H:15])([H:7])([H:8])[H:9]>>[C:1]([C:2]([C:3]([H:10])([H:11])[H:12])=[O:4])([H:7])([H:8])[H:9].[C:5]([O-:6])([H:13])([H:14])[H:15]
0,145,106,[C:1]([C:2]([C:3]([C:4]([H:13])([H:14])[H:15])([C:5]([H:16])([H:17])[H:18])[O-:6])([H:11])[H:12])([H:8])([H:9])[H:10].[O+:7]([H:19])([H:20])[H:21]>>[C:1]([C:2]([C:3]([C:4]([H:13])([H:14])[H:15])([C:5]([H:16])([H:17])[H:18])[O:6][H:19])([H:11])[H:12])([H:8])([H:9])[H:10].[O:7]([H:20])[H:21]
0,146,107,[C:1]([C:2]([C:3]([C:4]([C:5](=[O:6])[N-:7][C:8]([H:19])([H:20])[H:21])([H:17])[H:18])([H:15])[H:16])([C:9]([Br:10])([H:22])[H:23])[H:14])([H:11])([H:12])[H:13]>>[Br-:10].[C:1]([C:2]1([H:14])[C:3]([H:15])([H:16])[C:4]([H:17])([H:18])[C:5](=[O:6])[N:7]([C:8]([H:19])([H:20])[H:21])[C:9]1([H:22])[H:23])([H:11])([H:12])[H:13]