,Unnamed: 0,idx,code,reaction
0,0,0,0,[C:1]([C:2]1=[N:3][O:4][N:5]=[N:6]1)([H:7])([H:8])[H:9]>>[C:1]([C:2]#[N:3])([H:7])([H:8])[H:9].[O:4]=[N+:5]=[N-:6]
1,0,1,1,[O:1]=[C:2]([N:3]=[N+:4]=[N-:5])[H:6]>>[N:4]#[N:5].[O:1]=[C:2]=[N:3][H:6]
2,0,2,2,[O:1]([C+:2]1[N-:3][C:4]([H:8])=[N:5][N:6]1[H:9])[H:7]>>[O:1]=[C:2]1[N:3]([H:7])[C:4]([H:8])=[N:5][N:6]1[H:9]
3,0,3,3,[C:1]1([H:7])([H:8])[C@@:2]2([H:9])[C@:3]1([H:10])[C@@:4]1([H:11])[N:5]([H:12])[C@@:6]21[H:13]>>[C:1]1([H:7])([H:8])[C:2]([H:9])=[C:6]([H:13])[C@@:4]2([H:11])[C@:3]1([H:10])[N:5]2[H:12]
4,1,4,3,[C:1]1([H:7])([H:8])[C@@:2]2([H:9])[C@:3]1([H:10])[C@@:4]1([H:11])[N:5]([H:12])[C@@:6]21[H:13]>>[C:1]1([H:7])([H:8])[C:2]([H:9])=[C:6]([H:13])[N:5]([H:12])[C:4]([H:11])=[C:3]1[H:10]
5,0,5,4,[O:1]=[C:2]1[C:3]([H:7])([H:8])[C@@:4]2([H:9])[O:5][C@@:6]12[H:10]>>[O:1]=[C:2]=[C:6]([O:5][C:4](=[C:3]([H:7])[H:8])[H:9])[H:10]
6,0,6,5,[C:1]1([H:7])=[N:2][N:3]=[C:4]([H:8])[N:5]=[N:6]1>>[C:1](#[N:6])[H:7].[C:4](#[N:5])[H:8].[N:2]#[N:3]
7,0,7,6,[O:1]([C:2]([C@@:3]([O:4][H:11])([C:5]#[C:6][H:12])[H:10])([H:8])[H:9])[H:7]>>[C:3]([O:4][H:11])(=[C:5]=[C:6]([H:7])[H:12])[H:10].[O:1]=[C:2]([H:8])[H:9]
8,0,8,7,[C:1]([C@:2]12[C:3]([H:10])([H:11])[C@@:4]1([H:12])[O:5][C:6]2([H:13])[H:14])([H:7])([H:8])[H:9]>>[C:1]([C:2]([C:3]([C:4](=[O:5])[H:12])([H:10])[H:11])=[C:6]([H:13])[H:14])([H:7])([H:8])[H:9]
9,0,9,8,[O:1]=[C:2]([N:3]1[C:4]([H:7])([H:8])[C:5]1([H:9])[H:10])[H:6]>>[O:1]1[C:2]([H:6])=[N:3][C:4]([H:7])([H:8])[C:5]1([H:9])[H:10]
10,0,10,9,[C:1]([C@@:2]1([H:10])[O:3][C@:4]1([C:5]#[C:6][H:12])[H:11])([H:7])([H:8])[H:9]>>[C:1](=[C:2]([O:3][C:4](=[C:5]=[C:6]([H:7])[H:12])[H:11])[H:10])([H:8])[H:9]
11,0,11,10,[N:1](=[C:2](/[O:3][C:4]([C:5]#[N:6])([H:9])[H:10])[H:8])\[H:7]>>[N:1]([C:2](=[O:3])[H:8])([C:4]([C:5]#[N:6])([H:9])[H:10])[H:7]
12,0,12,11,[C:1]([C:2]([C@@:3]([O:4][H:13])([C:5](=[O:6])[H:14])[H:12])([H:10])[H:11])([H:7])([H:8])[H:9]>>[C:1]([C:2]([C:3](=[O:4])[C:5]([O:6][H:13])([H:12])[H:14])([H:10])[H:11])([H:7])([H:8])[H:9]
13,0,13,12,[C:1]([N:2]1[C:3]([H:10])=[N:4][N:5]=[N:6]1)([H:7])([H:8])[H:9]>>[C:1]([N:2]=[C:3]=[N:4][H:10])([H:7])([H:8])[H:9].[N:5]#[N:6]
14,0,14,13,[O:1]=[C:2]1[C:3]([H:7])([H:8])[N:4]2[C:5]([H:9])([H:10])[C@@:6]12[H:11]>>[O:1]=[C:2]=[C:6]([C:5]([N:4]=[C:3]([H:7])[H:8])([H:9])[H:10])[H:11]
15,0,15,14,[C:1]1([H:7])([H:8])[C@:2]2([H:9])[O:3][C:4]([H:10])([H:11])[O:5][C@:6]12[H:12]>>[C:1](=[C:2]([C:6](=[O:5])[H:12])[H:9])([H:7])[H:8].[O:3]=[C:4]([H:10])[H:11]
16,0,16,15,[C:1]1([H:7])([H:8])[C@@:2]2([H:9])[C@:3]3([H:10])[O:4][C@@:5]2([H:11])[C@:6]13[H:12]>>[C:1]1([H:7])([H:8])[C:2]([H:9])=[C:3]([H:10])[C@@:6]1([C:5](=[O:4])[H:11])[H:12]
17,0,17,16,[O:1]([C@@:2]1([H:8])[C:3]([H:9])([H:10])[C@@:4]2([H:11])[C:5]([H:12])([H:13])[C@@:6]12[H:14])[H:7]>>[O:1](/[C:2](=[C:6](/[C:5]([C:4](=[C:3]([H:9])[H:10])[H:11])([H:12])[H:13])[H:14])[H:8])[H:7]
18,0,18,17,[C:1]([C:2]12[C:3]([H:10])([H:11])[C:4]([H:12])([C:5]1([H:13])[H:14])[O:6]2)([H:7])([H:8])[H:9]>>[C:1]([C:2](=[C:3]([H:10])[H:11])[C:5]([C:4](=[O:6])[H:12])([H:13])[H:14])([H:7])([H:8])[H:9]
19,1,19,17,[C:1]([C:2]12[C:3]([H:10])([H:11])[C:4]([H:12])([C:5]1([H:13])[H:14])[O:6]2)([H:7])([H:8])[H:9]>>[C:1]([C:2]([C:3]([C:4](=[C:5]([H:13])[H:14])[H:12])([H:10])[H:11])=[O:6])([H:7])([H:8])[H:9]
20,0,20,18,[O:1]([C@@:2]1([H:8])[C:3]([H:9])([H:10])[C@@:4]2([H:11])[O:5][C@@:6]12[H:12])[H:7]>>[O:1]([C@@:2]1([H:8])[C:3]([H:9])([H:10])[C@@:4]1([C:6](=[O:5])[H:12])[H:11])[H:7]
21,1,21,18,[O:1]([C@@:2]1([H:8])[C:3]([H:9])([H:10])[C@@:4]2([H:11])[O:5][C@@:6]12[H:12])[H:7]>>[O:1]=[C:2]([C@@:6]([C:4](=[C:3]([H:9])[H:10])[H:11])([O:5][H:7])[H:12])[H:8]
22,0,22,19,[O:1]([C:2]([C:3]([O:4]/[C:5](=[N:6]/[H:13])[H:12])([H:10])[H:11])([H:8])[H:9])[H:7]>>[O:1]=[C:2]([C:3]([H:9])([H:10])[H:11])[H:8].[O:4]=[C:5]([N:6]([H:7])[H:13])[H:12]
23,0,23,20,[C:1]1([H:7])=[N:2][N:3]=[N:4][C:5]([H:8])=[N:6]1>>[C:1](#[N:2])[H:7].[C:5](#[N:6])[H:8].[N:3]#[N:4]
24,0,24,21,[C:1](/[C:2](=[N:3]/[H:10])[O:4][C:5](=[O:6])[H:11])([H:7])([H:8])[H:9]>>[C:1]([C:2]#[N:3])([H:7])([H:8])[H:9].[O:4]=[C:5]([O:6][H:10])[H:11]
25,1,25,21,[C:1](/[C:2](=[N:3]/[H:10])[O:4][C:5](=[O:6])[H:11])([H:7])([H:8])[H:9]>>[C:1]([C:2]([N:3]([C:5](=[O:6])[H:11])[H:10])=[O:4])([H:7])([H:8])[H:9]
26,0,26,22,[O:1]=[C:2]([C:3]([C@@:4]1([H:10])[C:5]([H:11])([H:12])[O:6]1)([H:8])[H:9])[H:7]>>[O:1]=[C:2]([O:6][C:5]([C:4](=[C:3]([H:8])[H:9])[H:10])([H:11])[H:12])[H:7]
27,0,27,23,[O:1]([C:2]([C@@:3]1([H:9])[C:4]([H:10])([H:11])[N:5]1[H:12])([H:7])[H:8])[H:6]>>[O:1]=[C:2]([C:3]([C:4]([N:5]([H:6])[H:12])([H:10])[H:11])([H:7])[H:9])[H:8]
28,0,28,24,[C:1]([C:2](=[O:3])[N:4]1[C:5]([H:10])([H:11])[C:6]1([H:12])[H:13])([H:7])([H:8])[H:9]>>[C:1]([C:2]1=[N:4][C:6]([H:12])([H:13])[C:5]([H:10])([H:11])[O:3]1)([H:7])([H:8])[H:9]
29,0,29,25,[C:1]([C@@:2]1([H:10])[C:3]([H:11])([H:12])[O:4][C:5]1=[O:6])([H:7])([H:8])[H:9]>>[C:1]([C:2](=[C:3]([H:11])[H:12])[H:10])([H:7])([H:8])[H:9].[O:4]=[C:5]=[O:6]
30,0,30,26,[C:1]([C:2](=[O:3])[O:4]/[C:5](=[N:6]/[H:11])[H:10])([H:7])([H:8])[H:9]>>[C:1]([C:2](=[O:3])[N:6]([C:5](=[O:4])[H:10])[H:11])([H:7])([H:8])[H:9]
31,0,31,27,[N:1](=[C:2](/[O:3][C:4]([C:5](=[O:6])[H:11])([H:9])[H:10])[H:8])\[H:7]>>[N:1]([C:2](=[O:3])[H:8])([C:4]([C:5](=[O:6])[H:11])([H:9])[H:10])[H:7]
32,0,32,28,[C:1]([C@@:2]1([H:10])[C@@:3]2([H:11])[C:4]([H:12])([H:13])[C@:5]1([H:14])[O:6]2)([H:7])([H:8])[H:9]>>[C:1](/[C:2](=[C:3](\[C:4]([C:5](=[O:6])[H:14])([H:12])[H:13])[H:11])[H:10])([H:7])([H:8])[H:9]
33,1,33,28,[C:1]([C@@:2]1([H:10])[C@@:3]2([H:11])[C:4]([H:12])([H:13])[C@:5]1([H:14])[O:6]2)([H:7])([H:8])[H:9]>>[C:1]([C@@:2]([C:3](=[C:4]([H:12])[H:13])[H:11])([C:5](=[O:6])[H:14])[H:10])([H:7])([H:8])[H:9]
34,0,34,29,[O:1]([C@@:2]1([H:8])[C:3]([H:9])([H:10])[N:4]([H:11])[C:5]1=[O:6])[H:7]>>[N:4](=[C:5]=[O:6])[H:11].[O:1]([C:2](=[C:3]([H:9])[H:10])[H:8])[H:7]
35,0,35,30,[C:1]([C@:2]12[C:3]([H:10])([H:11])[C@@:4]1([H:12])[C:5]([H:13])([H:14])[O:6]2)([H:7])([H:8])[H:9]>>[C:1]([C:2]([C:3]([C:4](=[C:5]([H:13])[H:14])[H:12])([H:10])[H:11])=[O:6])([H:7])([H:8])[H:9]
36,0,36,31,[O:1]([C@:2]1([H:8])[C@:3]2([H:9])[C:4]([H:10])([H:11])[C@@:5]1([H:12])[O:6]2)[H:7]>>[O:1]([C@@:2]([C:3](=[C:4]([H:10])[H:11])[H:9])([C:5](=[O:6])[H:12])[H:8])[H:7]
37,1,37,31,[O:1]([C@:2]1([H:8])[C@:3]2([H:9])[C:4]([H:10])([H:11])[C@@:5]1([H:12])[O:6]2)[H:7]>>[O:1](/[C:2](=[C:5](/[C:4]([C:3](=[O:6])[H:9])([H:10])[H:11])[H:12])[H:8])[H:7]
38,0,38,32,[O:1]([C@@:2]1([H:8])[C:3]([H:9])([H:10])[O:4]/[C:5]1=[N:6]\[H:11])[H:7]>>[O:1]([C:2](=[C:3]([H:9])[H:10])[H:8])[H:7].[O:4]=[C:5]=[N:6][H:11]
39,0,39,33,[N:1]1([H:7])[C@@:2]2([H:8])[C@:3]3([H:9])[N:4]([H:10])[C@@:5]2([H:11])[C@:6]13[H:12]>>[N:1](=[C:6](/[C@:3]1([H:9])[C:2]([H:8])=[C:5]([H:11])[N:4]1[H:10])[H:12])\[H:7]
40,0,40,34,[N:1]([C:2](=[O:3])[O:4]/[C:5](=[N:6]/[H:10])[H:9])([H:7])[H:8]>>[N:1]([C:2](=[O:3])[N:6]([C:5](=[O:4])[H:9])[H:10])([H:7])[H:8]
41,1,41,34,[N:1]([C:2](=[O:3])[O:4]/[C:5](=[N:6]/[H:10])[H:9])([H:7])[H:8]>>[N:1](=[C:2]=[O:3])[H:8].[O:4]=[C:5]([N:6]([H:7])[H:10])[H:9]
42,0,42,35,[O:1]([C:2]([C:3]([O:4][C:5](=[O:6])[H:12])([H:10])[H:11])([H:8])[H:9])[H:7]>>[O:1]=[C:2]([C:3]([H:9])([H:10])[H:11])[H:8].[O:4]=[C:5]([O:6][H:7])[H:12]
43,0,43,36,[N:1](=[C:2](/[O:3][C:4](=[O:5])[H:8])[H:7])\[H:6]>>[C-:4]#[O+:5].[N:1]([C:2](=[O:3])[H:7])([H:6])[H:8]
44,1,44,36,[N:1](=[C:2](/[O:3][C:4](=[O:5])[H:8])[H:7])\[H:6]>>[N:1]([C:2](=[O:3])[H:7])([C:4](=[O:5])[H:8])[H:6]
45,0,45,37,[O:1]([C@@:2]([C:3](=[O:4])[H:9])([C:5]#[C:6][H:10])[H:8])[H:7]>>[O:1]=[C:2]([C:3]([O:4][H:7])([H:8])[H:9])[C:5]#[C:6][H:10]
46,1,46,37,[O:1]([C@@:2]([C:3](=[O:4])[H:9])([C:5]#[C:6][H:10])[H:8])[H:7]>>[C-:3]#[O+:4].[O:1]([C:2](=[C:5]=[C:6]([H:9])[H:10])[H:8])[H:7]
47,0,47,38,[C:1]([C:2]#[C:3][C:4]([C:5](=[O:6])[H:12])([H:10])[H:11])([H:7])([H:8])[H:9]>>[C-:5]#[O+:6].[C:1]([C:2](=[C:3]=[C:4]([H:10])[H:11])[H:12])([H:7])([H:8])[H:9]
48,0,48,39,[C:1]([O:2][C@@:3]([C:4]([H:11])([H:12])[H:13])([C:5]#[C:6][H:14])[H:10])([H:7])([H:8])[H:9]>>[C:1](=[O:2])([H:7])[H:8].[C:3]([C:4]([H:11])([H:12])[H:13])(=[C:5]=[C:6]([H:9])[H:14])[H:10]
49,0,49,40,[C:1]([C@@:2]1([H:10])[C:3]([H:11])([H:12])[C@@:4]2([H:13])[O:5][C@@:6]12[H:14])([H:7])([H:8])[H:9]>>[C:1]([C@@:2]1([H:10])[C:3]([H:11])([H:12])[C@@:4]1([C:6](=[O:5])[H:14])[H:13])([H:7])([H:8])[H:9]
50,0,50,41,[O:1]=[C:2]([C:3]1([H:8])[C:4]([H:9])([H:10])[O:5][C:6]1([H:11])[H:12])[H:7]>>[C:4](=[O:5])([H:9])[H:10].[O:1]=[C:2]([C:3](=[C:6]([H:11])[H:12])[H:8])[H:7]
51,0,51,42,[N:1]([C+:2]1[N-:3][C:4]([H:9])=[N:5][O:6]1)([H:7])[H:8]>>[N:1]([C:2]([N:3]=[C:4]=[N:5][H:9])=[O:6])([H:7])[H:8]
52,0,52,43,[C:1]1([H:7])([H:8])[C:2]([H:9])=[C:3]([H:10])[C@@:4]2([H:11])[N:5]([H:12])[C@@:6]12[H:13]>>[C:1](=[C:2](/[C:3](=[C:4]([C:6](=[N:5]/[H:12])\[H:13])/[H:11])[H:10])[H:9])([H:7])[H:8]
53,0,53,44,[O:1]([C@@:2]1([H:8])[C:3]([H:9])([H:10])[O:4][C:5]1=[O:6])[H:7]>>[O:1]([C:2](=[C:3]([H:9])[H:10])[H:8])[H:7].[O:4]=[C:5]=[O:6]
54,0,54,45,[C:1]([C:2]([O:3][C:4]([C:5]#[C:6][H:14])([H:12])[H:13])([H:10])[H:11])([H:7])([H:8])[H:9]>>[C:1]([C:2](=[O:3])[H:10])([H:7])([H:8])[H:9].[C:4](=[C:5]=[C:6]([H:11])[H:14])([H:12])[H:13]
55,0,55,46,[C:1](/[N:2]=[C:3](\[O:4][C:5](=[O:6])[H:11])[H:10])([H:7])([H:8])[H:9]>>[C:1]([N:2]([C:3](=[O:4])[H:10])[C:5](=[O:6])[H:11])([H:7])([H:8])[H:9]
56,0,56,47,[C:1]1([H:6])([H:7])[C@@:2]2([H:8])[C:3]([H:9])([H:10])[O:4][C@@:5]12[H:11]>>[C:1]([C:2](=[C:3]([H:9])[H:10])[H:8])([C:5](=[O:4])[H:11])([H:6])[H:7]
57,0,57,48,[O:1]=[C:2]1[O:3][C:4]([H:7])=[N:5][O:6]1>>[O:1]=[C:2]=[O:6].[O:3]=[C:4]=[N:5][H:7]
58,1,58,48,[O:1]=[C:2]1[O:3][C:4]([H:7])=[N:5][O:6]1>>[O:1]=[C:2]=[O:6].[O:3]([C:4]#[N:5])[H:7]
59,0,59,49,[O:1]([C:2]1=[N:3][O:4][N:5]=[N:6]1)[H:7]>>[N:5]#[N:6].[O:1]([C:2]#[N+:3][O-:4])[H:7]
60,1,60,49,[O:1]([C:2]1=[N:3][O:4][N:5]=[N:6]1)[H:7]>>[O:1]([C:2]#[N:3])[H:7].[O:4]=[N+:5]=[N-:6]
61,0,61,50,[C:1](/[C:2](=[N:3]\[H:10])[N:4]([C:5](=[O:6])[H:12])[H:11])([H:7])([H:8])[H:9]>>[C:1](/[C:2]([N:3]([H:10])[H:11])=[N:4]/[C:5](=[O:6])[H:12])([H:7])([H:8])[H:9]
62,0,62,51,[C:1]([N:2]1[N:3]=[N:4][N:5]=[N:6]1)([H:7])([H:8])[H:9]>>[C:1]([N:2]=[N+:6]=[N-:5])([H:7])([H:8])[H:9].[N:3]#[N:4]
63,0,63,52,[C:1](/[N:2]=[C:3](\[N:4]([H:10])[H:11])[C:5]#[N:6])([H:7])([H:8])[H:9]>>[C:1]([N:2](/[C:3](=[N:4]/[H:11])[C:5]#[N:6])[H:10])([H:7])([H:8])[H:9]
64,0,64,53,[O:1]=[C:2]1[O:3][N:4]=[N:5][O:6]1>>[N-:4]=[N+:5]=[O:6].[O:1]=[C:2]=[O:3]
65,0,65,54,[C:1]([C@@:2]([O:3][H:11])([C@@:4]1([H:12])[C:5]([H:13])([H:14])[N:6]1[H:15])[H:10])([H:7])([H:8])[H:9]>>[C:1]([C:2](=[O:3])[C:4]([C:5]([N:6]([H:11])[H:15])([H:13])[H:14])([H:10])[H:12])([H:7])([H:8])[H:9]
68,0,66,55,[C:1]1([H:7])([H:8])[C@@:2]2([H:9])[C:3]([H:10])([H:11])[C@:4]1([H:12])[C:5]([H:13])=[C:6]2[H:14]>>[C:1]1([H:7])([H:8])[C@:4]2([H:12])[C:3]([H:10])([H:11])[C:2]([H:9])=[C:6]([H:14])[C@:5]12[H:13]
69,0,67,56,[O:1]1[C@@:2]2([H:7])[C@:3]1([H:8])[C@@:4]1([H:9])[O:5][C@@:6]21[H:10]>>[O:1]1[C:2]([H:7])=[C:6]([H:10])[C@@:4]2([H:9])[C@:3]1([H:8])[O:5]2
70,1,68,56,[O:1]1[C@@:2]2([H:7])[C@:3]1([H:8])[C@@:4]1([H:9])[O:5][C@@:6]21[H:10]>>[O:1]=[C:2](/[C:3](=[C:4](\[C:6](=[O:5])[H:10])[H:9])[H:8])[H:7]
71,0,69,57,[N:1]([C:2]1=[C:3]([H:9])[O:4][N:5]=[N:6]1)([H:7])[H:8]>>[N:1]([C+:2]=[C:3]([O-:4])[H:9])([H:7])[H:8].[N:5]#[N:6]
72,0,70,58,[C:1]([C@@:2]1([H:10])[O:3][C@:4]1([C:5]([O:6][H:14])([H:12])[H:13])[H:11])([H:7])([H:8])[H:9]>>[C:1](=[C:2]([C@@:4]([O:3][H:14])([C:5]([O:6][H:7])([H:12])[H:13])[H:11])[H:10])([H:8])[H:9]
73,1,71,58,[C:1]([C@@:2]1([H:10])[O:3][C@:4]1([C:5]([O:6][H:14])([H:12])[H:13])[H:11])([H:7])([H:8])[H:9]>>[C:1]([C@@:2]([O:3][H:14])([C:4]([C:5](=[O:6])[H:12])([H:11])[H:13])[H:10])([H:7])([H:8])[H:9]
74,0,72,59,[C:1]([C@@:2]([O:3][H:10])([C:4](=[O:5])[H:11])[H:9])([H:6])([H:7])[H:8]>>[C:1]([C:2](=[O:3])[C:4]([O:5][H:10])([H:9])[H:11])([H:6])([H:7])[H:8]
75,0,73,60,[O:1]([C@@:2]1([H:8])[C:3]([H:9])([H:10])[C@:4]1([C:5]#[N:6])[H:11])[H:7]>>[O:1]=[C:2]([C:3]([C:4](=[C:5]=[N:6][H:7])[H:11])([H:9])[H:10])[H:8]
76,0,74,61,[O:1]=[C:2]1[N:3]([H:7])[N:4]=[N:5][O:6]1>>[N-:4]=[N+:5]=[O:6].[O:1]=[C:2]=[N:3][H:7]
77,1,75,61,[O:1]=[C:2]1[N:3]([H:7])[N:4]=[N:5][O:6]1>>[N:3](=[N+:4]=[N-:5])[H:7].[O:1]=[C:2]=[O:6]
78,0,76,62,[C:1]([C@@:2]1([H:10])[N:3]([H:11])[C@:4]1([C:5]([O:6][H:15])([H:13])[H:14])[H:12])([H:7])([H:8])[H:9]>>[C:1]([C@@:2]([N:3]([H:11])[H:15])([C:4]([C:5](=[O:6])[H:13])([H:12])[H:14])[H:10])([H:7])([H:8])[H:9]
79,0,77,63,[O:1]([C:2]([C:3](=[O:4])[H:9])([C:5](=[O:6])[H:10])[H:8])[H:7]>>[O:1](/[C:2](=[C:5](\[O:6][H:7])[H:10])[H:8])[C:3](=[O:4])[H:9]
81,0,78,64,[O:1]([C:2]([C@@:3]1([H:10])[C:4]([H:11])([H:12])[C@:5]1([O:6][H:14])[H:13])([H:8])[H:9])[H:7]>>[H:8][H:14].[O:1](/[C:2](=[C:3](/[C:4]([C:5](=[O:6])[H:13])([H:11])[H:12])[H:10])[H:9])[H:7]
82,1,79,64,[O:1]([C:2]([C@@:3]1([H:10])[C:4]([H:11])([H:12])[C@:5]1([O:6][H:14])[H:13])([H:8])[H:9])[H:7]>>[C:2](=[C:3]([C:4]([C:5](=[O:6])[H:13])([H:11])[H:12])[H:10])([H:8])[H:9].[O:1]([H:7])[H:14]
83,0,80,65,[C:1]([C:2]1=[C:3]([H:10])[O:4][N:5]=[N:6]1)([H:7])([H:8])[H:9]>>[C:1]([C:2](=[C:3]=[O:4])[H:10])([H:7])([H:8])[H:9].[N:5]#[N:6]
84,0,81,66,[C:1]([C@@:2]1([H:10])[N:3]([H:11])[C@:4]1([C:5]#[C:6][H:13])[H:12])([H:7])([H:8])[H:9]>>[C:1](=[C:2]([N:3]([C:4](=[C:5]=[C:6]([H:9])[H:13])[H:12])[H:11])[H:10])([H:7])[H:8]
85,0,82,67,[N:1](=[C:2](/[O:3][C:4]([C:5]#[C:6][H:11])([H:9])[H:10])[H:8])\[H:7]>>[N:1]([C:2](=[O:3])[H:8])([C:5]1=[C:6]([H:11])[C:4]1([H:9])[H:10])[H:7]
86,1,83,67,[N:1](=[C:2](/[O:3][C:4]([C:5]#[C:6][H:11])([H:9])[H:10])[H:8])\[H:7]>>[N:1]([C:2](=[O:3])[H:8])([C:4]([C:5]#[C:6][H:11])([H:9])[H:10])[H:7]
87,2,84,67,[N:1](=[C:2](/[O:3][C:4]([C:5]#[C:6][H:11])([H:9])[H:10])[H:8])\[H:7]>>[N:1]([C:2](=[O:3])[H:8])([C:6](=[C:5]=[C:4]([H:9])[H:10])[H:11])[H:7]
88,0,85,68,[N:1](=[C:2](/[O:3][C:4]1([H:9])[C:5]([H:10])([H:11])[C:6]1([H:12])[H:13])[H:8])\[H:7]>>[N:1]#[C:2][H:8].[O:3]=[C:4]([C:6]([C:5]([H:7])([H:10])[H:11])([H:12])[H:13])[H:9]
89,1,86,68,[N:1](=[C:2](/[O:3][C:4]1([H:9])[C:5]([H:10])([H:11])[C:6]1([H:12])[H:13])[H:8])\[H:7]>>[N:1]([C:2](=[O:3])[H:8])([C:5]([C:4](=[C:6]([H:12])[H:13])[H:9])([H:10])[H:11])[H:7]
90,0,87,69,[C:1]1([H:6])([H:7])[C@@:2]2([H:8])[C:3]([H:9])([H:10])[C@:4]1([H:11])[O:5]2>>[C:1](=[C:2]([C:3]([C:4](=[O:5])[H:11])([H:9])[H:10])[H:8])([H:6])[H:7]
91,0,88,70,[O:1]([C:2]1([H:8])[C:3]([H:9])([H:10])[C:4](=[O:5])[C:6]1([H:11])[H:12])[H:7]>>[O:1]=[C:2]([C:3]([C:4]([O:5][H:7])=[C:6]([H:11])[H:12])([H:9])[H:10])[H:8]
92,0,89,71,[C:1]1([H:7])=[N:2][N:3]=[N:4][N:5]=[C:6]1[H:8]>>[C:1](#[N:2])[H:7].[N:3]#[N:4].[N:5]#[C:6][H:8]
93,0,90,72,[C:1]([C@@:2]1([H:10])[C:3]([H:11])([H:12])[C@:4]1([C:5]#[C:6][H:14])[H:13])([H:7])([H:8])[H:9]>>[C:1](=[C:2]([C:3]([C:4](=[C:5]=[C:6]([H:8])[H:14])[H:13])([H:11])[H:12])[H:10])([H:7])[H:9]
94,0,91,73,[C:1]1([H:7])([H:8])[C:2]([H:9])([H:10])[C@@:3]2([H:11])[O:4][C:5]([H:12])([H:13])[C@@:6]12[H:14]>>[C:1]([C:2]([C:3](=[O:4])[H:11])([H:9])[H:10])([C:6](=[C:5]([H:12])[H:13])[H:14])([H:7])[H:8]
95,0,92,74,[C:1]([C@@:2]([O:3][H:11])([C:4]([C:5]#[C:6][H:14])([H:12])[H:13])[H:10])([H:7])([H:8])[H:9]>>[C:1]([C:2](=[O:3])[H:10])([H:7])([H:8])[H:9].[C:4](=[C:5]=[C:6]([H:11])[H:14])([H:12])[H:13]
96,0,93,75,[O:1]=[C:2]1[C:3]([H:7])([H:8])[C@@:4]2([H:9])[N:5]([H:10])[C@@:6]12[H:11]>>[O:1]=[C:2]=[C:6]([N:5]([C:4](=[C:3]([H:7])[H:8])[H:9])[H:10])[H:11]
97,0,94,76,[C:1]1([H:7])([H:8])[C@@:2]2([H:9])[C@@:3]3([H:10])[C:4]([H:11])([H:12])[N:5]1[C@@:6]23[H:13]>>[C:1](=[C:2]([C@@:3]1([H:10])[C:4]([H:11])([H:12])[N:5]=[C:6]1[H:13])[H:9])([H:7])[H:8]
98,0,95,77,[C:1](/[C:2](=[N:3]/[O:4][H:10])[C:5]([O:6][H:13])([H:11])[H:12])([H:7])([H:8])[H:9]>>[C:1]([C:2]#[N:3])([H:7])([H:8])[H:9].[C:5](=[O:6])([H:11])[H:12].[O:4]([H:10])[H:13]
99,0,96,78,[O:1]1[N:2]=[C:3]([H:6])[N:4]=[N:5]1>>[N:2]#[C:3][H:6].[O:1]=[N+:5]=[N-:4]
100,1,97,78,[O:1]1[N:2]=[C:3]([H:6])[N:4]=[N:5]1>>[N:4]#[N:5].[O-:1][N+:2]#[C:3][H:6]
101,0,98,79,[C:1]([C@@:2]1([H:10])[O:3][C@@:4]2([H:11])[C:5]([H:12])([H:13])[C@@:6]12[H:14])([H:7])([H:8])[H:9]>>[C:1](/[C:2](=[C:6](\[C:5]([C:4](=[O:3])[H:11])([H:12])[H:13])[H:14])[H:10])([H:7])([H:8])[H:9]
102,0,99,80,[C:1]([N:2]1[C:3]([H:10])([H:11])[C@:4]1([C:5]#[C:6][H:13])[H:12])([H:7])([H:8])[H:9]>>[C:1](=[N:2][C:3]([C:4](=[C:5]=[C:6]([H:8])[H:13])[H:12])([H:10])[H:11])([H:7])[H:9]
103,0,100,81,[C:1]([C@@:2]1([H:10])[C@@:3]2([H:11])[C:4]([H:12])([H:13])[O:5][C@@:6]12[H:14])([H:7])([H:8])[H:9]>>[C:1]([C@@:2]([C:3](=[C:4]([H:12])[H:13])[H:11])([C:6](=[O:5])[H:14])[H:10])([H:7])([H:8])[H:9]
104,0,101,82,[C:1]12([H:7])[C:2]3([H:8])[C:3]1([H:9])[C:4]1([H:10])[C:5]2([H:11])[C:6]31[H:12]>>[C:1]1([H:7])=[C:2]([H:8])[C:6]([H:12])=[C:5]([H:11])[C:4]([H:10])=[C:3]1[H:9]
105,0,102,83,[C:1]1([H:7])([H:8])[C@@:2]2([H:9])[O:3][C@:4]1([H:10])[C:5]([H:11])=[C:6]2[H:12]>>[C:1]1([H:7])([H:8])[C@@:2]2([H:9])[O:3][C@@:6]2([H:12])[C:5]([H:11])=[C:4]1[H:10]
106,0,103,84,[O:1]([C:2]([C:3]([C:4]([C:5](=[O:6])[H:14])([H:12])[H:13])([H:10])[H:11])([H:8])[H:9])[H:7]>>[O:1]1[C:2]([H:8])([H:9])[C:3]([H:10])([H:11])[C:4]([H:12])([H:13])[C@@:5]1([O:6][H:7])[H:14]
107,0,104,85,[N:1]1([H:7])[C@@:2]2([H:8])[C@:3]3([H:9])[O:4][C@@:5]2([H:10])[C@:6]13[H:11]>>[N:1]1([H:7])[C@@:2]([C:5](=[O:4])[H:10])([H:8])[C:3]([H:9])=[C:6]1[H:11]
108,0,105,86,[C:1]([C:2]1=[C:3]([H:10])[N:4]=[N:5][O:6]1)([H:7])([H:8])[H:9]>>[C:1]([C:3](=[C:2]=[O:6])[H:10])([H:7])([H:8])[H:9].[N:4]#[N:5]
109,0,106,87,[O:1]1[N:2]=[N:3][N:4]=[N:5]1>>[N:4]#[N:5].[O:1]=[N+:3]=[N-:2]
110,0,107,88,[O:1]([C@@:2]([C:3](=[O:4])[H:9])([C:5]#[N:6])[H:8])[H:7]>>[O:1]=[C:2]([C:3]([O:4][H:7])([H:8])[H:9])[C:5]#[N:6]
111,0,108,89,[C:1]1([H:7])([H:8])[C@@:2]2([H:9])[C@:3]1([H:10])[C@@:4]1([H:11])[O:5][C@@:6]21[H:12]>>[C:1](=[C:3](/[C:2](=[C:6](\[C:4](=[O:5])[H:11])[H:12])[H:9])[H:10])([H:7])[H:8]
112,0,109,90,[O:1]([C:2]([C@@:3]([O:4][H:11])([C:5](=[O:6])[H:12])[H:10])([H:8])[H:9])[H:7]>>[O:1]([C:2]([C:3](=[O:4])[C:5]([O:6][H:11])([H:10])[H:12])([H:8])[H:9])[H:7]
113,0,110,91,[O:1]([C:2]1=[N:3][C:4]([H:8])=[C:5]([H:9])[N:6]1[H:10])[H:7]>>[O:1]=[C:2]1[N:3]([H:7])[C:4]([H:8])=[C:5]([H:9])[N:6]1[H:10]
114,0,111,92,[C:1]([C@@:2]1([C:3]([O:4][H:12])([H:10])[H:11])[C:5]([H:13])([H:14])[O:6]1)([H:7])([H:8])[H:9]>>[C:1]([C@:2]([C:3](=[O:4])[H:11])([C:5]([O:6][H:12])([H:13])[H:14])[H:10])([H:7])([H:8])[H:9]
115,0,112,93,[C:1](#[C:2][C:3]([C:4]([C:5]#[C:6][H:12])([H:10])[H:11])([H:8])[H:9])[H:7]>>[C:1](=[C:2]=[C:3]([H:8])[H:9])([C:6](=[C:5]=[C:4]([H:10])[H:11])[H:12])[H:7]
116,0,113,94,[C:1]([C@@:2]([C:3]([O:4][H:13])([H:11])[H:12])([C:5]#[C:6][H:14])[H:10])([H:7])([H:8])[H:9]>>[C:1]([C:2](=[C:5]=[C:6]([H:13])[H:14])[H:10])([H:7])([H:8])[H:9].[C:3](=[O:4])([H:11])[H:12]
117,0,114,95,[C:1]([C@@:2]([C:3](=[O:4])[H:11])([C:5]#[C:6][H:12])[H:10])([H:7])([H:8])[H:9]>>[C-:3]#[O+:4].[C:1]([C:2](=[C:5]=[C:6]([H:11])[H:12])[H:10])([H:7])([H:8])[H:9]
118,0,115,96,[N:1]1([H:7])[C@@:2]2([H:8])[C@:3]1([H:9])[C@@:4]1([H:10])[O:5][C@@:6]21[H:11]>>[N:1](=[C:2]([C:3](=[C:4](/[C:6](=[O:5])[H:11])[H:10])\[H:9])/[H:8])\[H:7]
119,0,116,97,[O:1]([C:2]([C:3](=[O:4])[C:5](=[O:6])[H:10])([H:8])[H:9])[H:7]>>[O:1]=[C:2]([C:3]([O:4][H:7])([C:5](=[O:6])[H:10])[H:9])[H:8]
120,0,117,98,[O:1]([C@@:2]1([H:8])[C@@:3]2([H:9])[C:4]([H:10])([H:11])[O:5][C@@:6]12[H:12])[H:7]>>[O:1]([C@@:2]([C:3](=[C:4]([H:10])[H:11])[H:9])([C:6](=[O:5])[H:12])[H:8])[H:7]
121,1,118,98,[O:1]([C@@:2]1([H:8])[C@@:3]2([H:9])[C:4]([H:10])([H:11])[O:5][C@@:6]12[H:12])[H:7]>>[O:1]=[C:2](/[C:6](=[C:3](\[C:4]([O:5][H:7])([H:10])[H:11])[H:9])[H:12])[H:8]
122,0,119,99,[O:1]=[C:2]1[C:3]([H:6])([H:7])[C:4]([H:8])([H:9])[O:5]1>>[C:3](=[C:4]([H:8])[H:9])([H:6])[H:7].[O:1]=[C:2]=[O:5]
123,0,120,100,[C:1]([C@@:2]1([H:10])[C:3]([H:11])([H:12])[N:4]1[C:5](=[O:6])[H:13])([H:7])([H:8])[H:9]>>[C:1]([C@@:2]1([H:10])[C:3]([H:11])([H:12])[O:6][C:5]([H:13])=[N:4]1)([H:7])([H:8])[H:9]
124,1,121,100,[C:1]([C@@:2]1([H:10])[C:3]([H:11])([H:12])[N:4]1[C:5](=[O:6])[H:13])([H:7])([H:8])[H:9]>>[C:1]([C@@:2]1([H:10])[C:3]([H:11])([H:12])[N:4]=[C:5]([H:13])[O:6]1)([H:7])([H:8])[H:9]
125,2,122,100,[C:1]([C@@:2]1([H:10])[C:3]([H:11])([H:12])[N:4]1[C:5](=[O:6])[H:13])([H:7])([H:8])[H:9]>>[C:1](/[C:2](=[C:3](\[N:4]=[C:5](/[O:6][H:12])[H:13])[H:11])[H:10])([H:7])([H:8])[H:9]
126,0,123,101,[N:1]([C:2]1=[C:3]([H:9])[N:4]=[N:5][N:6]1[H:10])([H:7])[H:8]>>[N:1]([C:2]1=[N:6][N:5]([H:10])[N:4]=[C:3]1[H:9])([H:7])[H:8]
127,0,124,102,[O:1]=[C:2]([C:3](=[O:4])[C:5]#[C:6][H:8])[H:7]>>[C:3](=[O:4])=[C:5]=[C:6]([H:7])[H:8].[O+:1]#[C-:2]
128,0,125,103,[O:1]=[C:2]1[C:3]([H:7])([H:8])[C@@:4]2([H:9])[C:5]([H:10])([H:11])[C@@:6]12[H:12]>>[O:1]=[C:2]=[C:6]([C:5]([C:4](=[C:3]([H:7])[H:8])[H:9])([H:10])[H:11])[H:12]
129,0,126,104,[C:1]([O:2][C:3]([C:4]#[C:5][H:11])([H:9])[H:10])([H:6])([H:7])[H:8]>>[C:1](=[O:2])([H:7])[H:8].[C:3](=[C:4]=[C:5]([H:6])[H:11])([H:9])[H:10]
130,0,127,105,[N:1]([C:2](=[O:3])[N:4](/[C:5](=[N:6]/[H:11])[H:10])[H:9])([H:7])[H:8]>>[N:1]([C:2](=[O:3])/[N:4]=[C:5](/[N:6]([H:9])[H:11])[H:10])([H:7])[H:8]
131,0,128,106,[N:1]([C:2](=[O:3])[C:4]([C:5]#[C:6][H:11])([H:9])[H:10])([H:7])[H:8]>>[C:4](=[C:5]=[C:6]([H:8])[H:11])([H:9])[H:10].[N:1](=[C:2]=[O:3])[H:7]
132,0,129,107,[O:1]=[C:2]1[O:3][C@@:4]2([H:7])[C:5]([H:8])([H:9])[C@@:6]12[H:10]>>[O:1]=[C:2]=[C:6]([C:5]([C:4](=[O:3])[H:7])([H:8])[H:9])[H:10]
133,1,130,107,[O:1]=[C:2]1[O:3][C@@:4]2([H:7])[C:5]([H:8])([H:9])[C@@:6]12[H:10]>>[C:4]1([H:7])=[C:6]([H:10])[C:5]1([H:8])[H:9].[O:1]=[C:2]=[O:3]
134,0,131,108,[C:1]([C:2]([C:3]([H:10])([H:11])[H:12])([O:4][H:13])[C:5](=[O:6])[H:14])([H:7])([H:8])[H:9]>>[C:1]([C:2](=[O:4])[C@:5]([C:3]([H:10])([H:11])[H:12])([O:6][H:13])[H:14])([H:7])([H:8])[H:9]
135,0,132,109,[O:1]([C@@:2]1([H:8])[C:3]([H:9])([H:10])[N:4]2[C:5]([H:11])([H:12])[C@@:6]12[H:13])[H:7]>>[O:1](/[C:2](=[C:6](/[C:5]([N:4]=[C:3]([H:9])[H:10])([H:11])[H:12])[H:13])[H:8])[H:7]
136,0,133,110,[C:1]1([H:7])([H:8])[C@@:2]2([H:9])[O:3][C:4]([H:10])=[N:5][C@@:6]12[H:11]>>[C:1](=[C:2](/[C:6](=[N:5]\[C:4](=[O:3])[H:10])[H:11])[H:9])([H:7])[H:8]
137,0,134,111,[O:1]=[C:2]([C:3](=[O:4])[C:5](=[O:6])[H:8])[H:7]>>[C-:3]#[O+:4].[O:1]=[C:2]([C:5](=[O:6])[H:8])[H:7]
138,0,135,112,[O:1]([C:2]([C:3]([C@@:4]1([H:12])[C:5]([H:13])([H:14])[O:6]1)([H:10])[H:11])([H:8])[H:9])[H:7]>>[C:3](=[C:4]([C:5]([O:6][H:7])([H:13])[H:14])[H:12])([H:10])[H:11].[O:1]=[C:2]([H:8])[H:9]
139,0,136,113,[N:1]([C:2]1=[N:3][O:4][N:5]=[N:6]1)([H:7])[H:8]>>[N:1]([C:2]#[N+:3][O-:4])([H:7])[H:8].[N:5]#[N:6]
140,1,137,113,[N:1]([C:2]1=[N:3][O:4][N:5]=[N:6]1)([H:7])[H:8]>>[N:1]([C:2]#[N:3])([H:7])[H:8].[O:4]=[N+:5]=[N-:6]
141,0,138,114,[C:1]([C@@:2]1([H:10])[C:3]([H:11])([H:12])[C:4](=[O:5])[O:6]1)([H:7])([H:8])[H:9]>>[C:1]([C:2](=[C:3]([H:11])[H:12])[H:10])([H:7])([H:8])[H:9].[C:4](=[O:5])=[O:6]
142,0,139,115,[O:1]([C@@:2]1([H:8])[C:3]([H:9])([H:10])[C@:4]1([C:5](=[O:6])[H:12])[H:11])[H:7]>>[O:1]=[C:2]([C:3]([C:4]([C:5](=[O:6])[H:12])([H:7])[H:11])([H:9])[H:10])[H:8]
143,1,140,115,[O:1]([C@@:2]1([H:8])[C:3]([H:9])([H:10])[C@:4]1([C:5](=[O:6])[H:12])[H:11])[H:7]>>[O:1]([C@@:2]1([H:8])[C:3]([H:9])([H:10])[C:4]([H:11])=[C:5]([H:12])[O:6]1)[H:7]
144,2,141,115,[O:1]([C@@:2]1([H:8])[C:3]([H:9])([H:10])[C@:4]1([C:5](=[O:6])[H:12])[H:11])[H:7]>>[O:1](/[C:2](=[C:3]([C:4](=[C:5](/[O:6][H:10])[H:12])\[H:11])/[H:9])[H:8])[H:7]
145,0,142,116,[O:1]=[C:2]([C@@:3]1([H:7])[C:4]([H:8])([H:9])[N:5]1[H:10])[H:6]>>[O-:1][C:2](=[C:3]([N:5]([C+:4]([H:8])[H:9])[H:10])[H:7])[H:6]
146,0,143,117,[C:1]1([H:7])([H:8])[C@@:2]2([H:9])[C@@:3]3([H:10])[O:4][C@:5]1([H:11])[C@@:6]23[H:12]>>[C:1]1([H:7])([H:8])[C@:2]([C:3](=[O:4])[H:10])([H:9])[C:6]([H:12])=[C:5]1[H:11]
147,0,144,118,[O:1]=[C:2]([O:3][C:4]([C:5]#[C:6][H:10])([H:8])[H:9])[H:7]>>[C:4](=[C:5]=[C:6]([H:7])[H:10])([H:8])[H:9].[O:1]=[C:2]=[O:3]
148,1,145,118,[O:1]=[C:2]([O:3][C:4]([C:5]#[C:6][H:10])([H:8])[H:9])[H:7]>>[O:1]([C:2](=[O:3])[H:7])[C:6](=[C:5]=[C:4]([H:8])[H:9])[H:10]
149,0,146,119,[C:1]1([H:7])([H:8])[C:2]([H:9])=[C:3]([H:10])[C@@:4]2([H:11])[O:5][C@@:6]12[H:12]>>[C:1](=[C:2](/[C:3](=[C:4](\[C:6](=[O:5])[H:12])[H:11])[H:10])[H:9])([H:7])[H:8]
150,0,147,120,[C:1]([C@:2]12[C:3]([H:10])([H:11])[C:4]([H:12])([H:13])[C@@:5]1([H:14])[O:6]2)([H:7])([H:8])[H:9]>>[C:1]([C:2]1([C:5](=[O:6])[H:14])[C:3]([H:10])([H:11])[C:4]1([H:12])[H:13])([H:7])([H:8])[H:9]
151,0,148,121,[O:1]([C@@:2]1([H:8])[C:3]([H:9])([H:10])[C@:4]1([C:5]#[C:6][H:12])[H:11])[H:7]>>[O:1]=[C:2]([C:3]([C:4](=[C:5]=[C:6]([H:7])[H:12])[H:11])([H:9])[H:10])[H:8]
152,0,149,122,[N:1]([C@@:2]1([H:9])[C:3]([H:10])([H:11])[O:4][C:5]1=[O:6])([H:7])[H:8]>>[N:1]([C:2](=[C:3]([H:10])[H:11])[H:9])([H:7])[H:8].[O:4]=[C:5]=[O:6]
153,0,150,123,[O-:1][C:2](=[C:3]([N+:4]#[N:5])[H:7])[H:6]>>[N:4]#[N:5].[O:1]=[C:2]=[C:3]([H:6])[H:7]
154,0,151,124,[C:1]([O:2][C:3]([C:4]#[C:5][C:6]([H:12])([H:13])[H:14])([H:10])[H:11])([H:7])([H:8])[H:9]>>[C:1](=[O:2])([H:7])[H:8].[C:3](=[C:4]=[C:5]([C:6]([H:12])([H:13])[H:14])[H:9])([H:10])[H:11]
155,0,152,125,[C:1]1([H:7])([H:8])[C@@:2]2([H:9])[C@:3]1([H:10])[C@@:4]1([H:11])[C:5]([H:12])([H:13])[C@@:6]21[H:14]>>[C:1]1([H:7])([H:8])[C:2]([H:9])=[C:6]([H:14])[C:5]([H:12])([H:13])[C:4]([H:11])=[C:3]1[H:10]
156,0,153,126,[C:1]([O:2][C@@:3]1([H:10])[C:4]([H:11])([H:12])[C@:5]1([O:6][H:14])[H:13])([H:7])([H:8])[H:9]>>[C:1]([O:2][H:14])([H:7])([H:8])[H:9].[C:3](=[C:4]([H:11])[H:12])([C:5](=[O:6])[H:13])[H:10]
157,0,154,127,[C:1]([C@@:2]1([H:10])[C:3]([H:11])([H:12])[C@:4]1([C:5](=[O:6])[H:14])[H:13])([H:7])([H:8])[H:9]>>[C:1]([C@@:2]1([H:10])[C:3]([H:11])([H:12])[C:4]([H:13])=[C:5]([H:14])[O:6]1)([H:7])([H:8])[H:9]
158,0,155,128,[C:1]([C@@:2]1([H:10])[C:3]([H:11])([H:12])/[C:4](=[N:5]/[H:13])[O:6]1)([H:7])([H:8])[H:9]>>[C:1]([C:2](=[C:3]([H:11])[H:12])[H:10])([H:7])([H:8])[H:9].[C:4](=[N:5][H:13])=[O:6]
159,0,156,129,[C:1]1([H:8])([H:9])[C@:2]2([H:10])[O:3][C@@:4]1([H:11])[C@:5]1([H:12])[O:6][C@:7]21[H:13]>>[C:1](=[C:2]([C@@:7]1([H:13])[C@:5]([C:4](=[O:3])[H:11])([H:12])[O:6]1)[H:10])([H:8])[H:9]
160,0,157,130,[C:1]([C@@:2]1([H:11])[O:3]/[C:4](=[N:5]\[H:12])[C@:6]1([N:7]([H:14])[H:15])[H:13])([H:8])([H:9])[H:10]>>[C:1](/[C:2](=[C:6](\[N:7]([H:14])[H:15])[H:13])[H:11])([H:8])([H:9])[H:10].[O:3]=[C:4]=[N:5][H:12]
161,0,158,131,[O:1]=[C:2]([C:3]1([C:6](=[O:7])[H:13])[C:4]([H:9])([H:10])[C:5]1([H:11])[H:12])[H:8]>>[O:1]=[C:2]([C:3]1=[C:6]([H:13])[O:7][C:4]([H:9])([H:10])[C:5]1([H:11])[H:12])[H:8]
162,1,159,131,[O:1]=[C:2]([C:3]1([C:6](=[O:7])[H:13])[C:4]([H:9])([H:10])[C:5]1([H:11])[H:12])[H:8]>>[O:1]=[C:2]([C:3]([C:4]([C:5]([H:11])([H:12])[H:13])([H:9])[H:10])=[C:6]=[O:7])[H:8]
163,0,160,132,[C:1]([C:2]1=[C:3]([N:4]([H:11])[H:12])[N:5]=[N:6][O:7]1)([H:8])([H:9])[H:10]>>[C:1]([C:2](=[C+:3][N:4]([H:11])[H:12])[O-:7])([H:8])([H:9])[H:10].[N:5]#[N:6]
164,0,161,133,[C:1](#[C:2][C@:3]12[C:4]([H:9])([H:10])[C@@:5]1([H:11])[O:6][C:7]2([H:12])[H:13])[H:8]>>[C:1](#[C:2][C:3]([C:4]([C:5](=[O:6])[H:11])([H:9])[H:10])=[C:7]([H:12])[H:13])[H:8]
165,0,162,134,[C:1]([C@@:2]1([H:11])[C:3]([H:12])([H:13])[O:4][C@:5]1([C:6]#[C:7][H:15])[H:14])([H:8])([H:9])[H:10]>>[C:1](=[C:2]([C:3]([O:4][C:5](=[C:6]=[C:7]([H:9])[H:15])[H:14])([H:12])[H:13])[H:11])([H:8])[H:10]
166,0,163,135,[O:1]([C@@:2]1([H:9])[C@@:3]2([H:10])[C@:4]3([H:11])[C:5]([H:12])([H:13])[N:6]2[C@:7]13[H:14])[H:8]>>[O:1](/[C:2](=[C:3](/[C@:4]1([H:11])[C:5]([H:12])([H:13])[N:6]=[C:7]1[H:14])[H:10])[H:9])[H:8]
167,1,164,135,[O:1]([C@@:2]1([H:9])[C@@:3]2([H:10])[C@:4]3([H:11])[C:5]([H:12])([H:13])[N:6]2[C@:7]13[H:14])[H:8]>>[O:1]1[C@@:2]2([H:9])[C@:3]1([H:10])[N:6]1[C:5]([H:12])([H:13])[C:4]([H:8])([H:11])[C@@:7]21[H:14]
168,2,165,135,[O:1]([C@@:2]1([H:9])[C@@:3]2([H:10])[C@:4]3([H:11])[C:5]([H:12])([H:13])[N:6]2[C@:7]13[H:14])[H:8]>>[O:1]([C@@:2]1([H:9])[C:3]([H:10])=[N:6][C@:7]1([C:4](=[C:5]([H:12])[H:13])[H:11])[H:14])[H:8]
169,0,166,136,[C:1]([C@@:2]([C:3]([C:4]#[C:5][H:14])([H:12])[H:13])([C:6]#[C:7][H:15])[H:11])([H:8])([H:9])[H:10]>>[C:1]([C:2](=[C:6]=[C:7]([C:5](=[C:4]=[C:3]([H:12])[H:13])[H:14])[H:15])[H:11])([H:8])([H:9])[H:10]
170,0,167,137,[O:1]=[C:2]([C@@:3]1([H:9])[C@@:4]2([H:10])[C:5]([H:11])([H:12])[C:6]([H:13])([H:14])[N:7]12)[H:8]>>[O-:1][C:2](=[C:3]([N+:7]1=[C:4]([H:10])[C:5]([H:11])([H:12])[C:6]1([H:13])[H:14])[H:9])[H:8]
171,0,168,138,[C:1]1([H:8])([H:9])[N:2]([H:10])[C@:3]12[C@:4]1([H:11])[C:5]([H:12])([H:13])[C@@:6]2([H:14])[O:7]1>>[C:1]1([H:8])([H:9])[N:2]([H:10])[C@:3]1([C:4](=[O:7])[H:11])[C:6](=[C:5]([H:12])[H:13])[H:14]
172,1,169,138,[C:1]1([H:8])([H:9])[N:2]([H:10])[C@:3]12[C@:4]1([H:11])[C:5]([H:12])([H:13])[C@@:6]2([H:14])[O:7]1>>[C:1]1([H:8])([H:9])[N:2]([H:10])/[C:3]1=[C:4](/[O:7][C:6](=[C:5]([H:12])[H:13])[H:14])[H:11]
173,0,170,139,[C:1]([C@@:2]1([H:11])[C@@:3]2([H:12])[O:4][C@:5]1([H:13])[C:6]([H:14])=[C:7]2[H:15])([H:8])([H:9])[H:10]>>[C:1]([C@@:2]1([H:11])[C@@:3]2([H:12])[O:4][C@@:7]2([H:15])[C:6]([H:14])=[C:5]1[H:13])([H:8])([H:9])[H:10]
174,0,171,140,[C:1]([C@@:2]1([O:3][H:11])[C:4]([H:12])([H:13])[C:5]([H:14])([H:15])[C:6]1=[O:7])([H:8])([H:9])[H:10]>>[C:1]([C:2](=[O:3])[C:6]([C:5]([C:4]([H:11])([H:12])[H:13])([H:14])[H:15])=[O:7])([H:8])([H:9])[H:10]
175,0,172,141,[O:1]([C:2]([C@@:3]1([H:11])[O:4][C@@:5]2([H:12])[C:6]([H:13])([H:14])[C@@:7]12[H:15])([H:9])[H:10])[H:8]>>[O:1]([C:2](/[C:3](=[C:7](\[C:6]([C:5](=[O:4])[H:12])([H:13])[H:14])[H:15])[H:11])([H:9])[H:10])[H:8]
176,0,173,142,[O:1]=[C:2]([C:3](=[O:4])[N:5]1[C:6]([H:9])([H:10])[C:7]1([H:11])[H:12])[H:8]>>[O:1]=[C:2]([C:3]1=[N:5][C:6]([H:9])([H:10])[C:7]([H:11])([H:12])[O:4]1)[H:8]
177,0,174,143,[C:1](/[N:2]=[C:3](/[O:4][C:5]([C:6]([O:7][H:16])([H:14])[H:15])([H:12])[H:13])[H:11])([H:8])([H:9])[H:10]>>[C:1]([N:2]([C:3](=[O:4])[H:11])[H:16])([H:8])([H:9])[H:10].[C:5]([C:6](=[O:7])[H:14])([H:12])([H:13])[H:15]
178,0,175,144,[O:1]=[C:2]([C@@:3]1([H:9])[C:4]([H:10])([H:11])[N:5]1[C:6](=[O:7])[H:12])[H:8]>>[O:1]=[C:2]([C@@:3]1([H:9])[C:4]([H:10])([H:11])[O:7][C:6]([H:12])=[N:5]1)[H:8]
179,1,176,144,[O:1]=[C:2]([C@@:3]1([H:9])[C:4]([H:10])([H:11])[N:5]1[C:6](=[O:7])[H:12])[H:8]>>[O:1]=[C:2]([C@@:3]1([H:9])[C:4]([H:10])([H:11])[N:5]=[C:6]([H:12])[O:7]1)[H:8]
180,0,177,145,[N:1]([C:2]1=[C:3]([H:10])[N:4]([H:11])[C:5]([O:6][H:12])=[C:7]1[H:13])([H:8])[H:9]>>[N:1]([C:2]1=[C:7]([H:13])[C:5]([O:6][H:12])=[N:4][C:3]1([H:10])[H:11])([H:8])[H:9]
181,0,178,146,[N:1]([C:2]1=[C:3]([H:10])[C:4]([N:5]([H:11])[H:12])=[C:6]([H:13])[N:7]1[H:14])([H:8])[H:9]>>[N:1]([C:2]1=[N:7][C:6]([H:13])([H:14])[C:4]([N:5]([H:11])[H:12])=[C:3]1[H:10])([H:8])[H:9]
182,0,179,147,[C:1]([C@:2]12[C:3]([H:11])([H:12])[C:4]([H:13])([H:14])[C@@:5]1([H:15])[C:6]([H:16])([H:17])[O:7]2)([H:8])([H:9])[H:10]>>[C:1]([C:2]([C:3]([C:4]([C:5](=[C:6]([H:16])[H:17])[H:15])([H:13])[H:14])([H:11])[H:12])=[O:7])([H:8])([H:9])[H:10]
183,0,180,148,[C:1]([C@@:2]([O:3][H:12])([C:4]([C:5]([C:6](=[O:7])[H:17])([H:15])[H:16])([H:13])[H:14])[H:11])([H:8])([H:9])[H:10]>>[C:1]([C@@:2]1([H:11])[O:3][C@:6]([O:7][H:12])([H:17])[C:5]([H:15])([H:16])[C:4]1([H:13])[H:14])([H:8])([H:9])[H:10]
184,1,181,148,[C:1]([C@@:2]([O:3][H:12])([C:4]([C:5]([C:6](=[O:7])[H:17])([H:15])[H:16])([H:13])[H:14])[H:11])([H:8])([H:9])[H:10]>>[C:1]([C:2](=[O:3])[C:4]([C:5]([C:6]([O:7][H:12])([H:11])[H:17])([H:15])[H:16])([H:13])[H:14])([H:8])([H:9])[H:10]
185,0,182,149,[O:1]([C:2]1([C:3]([C:4](=[O:5])[H:11])([H:9])[H:10])[C:6]([H:12])([H:13])[C:7]1([H:14])[H:15])[H:8]>>[O:1]=[C:2]1[C:3]([H:9])([H:10])[C@@:4]([O:5][H:8])([H:11])[C:6]([H:12])([H:13])[C:7]1([H:14])[H:15]
186,0,183,150,[N:1](=[C:2](\[O:3][C:4](=[O:5])[H:9])[C:6](=[O:7])[H:10])\[H:8]>>[N:1]([C:2](=[O:3])[C:6](=[O:7])[H:10])([C:4](=[O:5])[H:9])[H:8]
187,0,184,151,[O:1]=[C:2]1[C:3]([H:8])([H:9])[N:4]2[C:5]([H:10])([H:11])[C:6]([H:12])([H:13])[C@@:7]12[H:14]>>[O:1]=[C:2]=[C:7]([C:6]([C:5]([N:4]=[C:3]([H:8])[H:9])([H:10])[H:11])([H:12])[H:13])[H:14]
188,0,185,152,[C:1]1([H:8])([H:9])[C:2]([H:10])([H:11])[C:3]12[C:4]([H:12])([H:13])[C@@:5]1([H:14])[O:6][C@@:7]21[H:15]>>[C:1]1([H:8])([H:9])[C:2]([H:10])([H:11])[C:3]12[C:4]([H:12])([H:13])[C@@:5]2([C:7](=[O:6])[H:15])[H:14]
189,0,186,153,[C:1]1([H:8])([H:9])[C@@:2]2([H:10])[C:3]([H:11])([H:12])[O:4][C:5]([H:13])=[N:6][C@@:7]12[H:14]>>[C:1]([C:2](=[C:3]([H:11])[H:12])[H:10])(/[C:7](=[N:6]\[C:5](=[O:4])[H:13])[H:14])([H:8])[H:9]
190,0,187,154,[C:1]([C@@:2]1([C:3]([C:4]([O:5][H:15])([H:13])[H:14])([H:11])[H:12])[C:6]([H:16])([H:17])[O:7]1)([H:8])([H:9])[H:10]>>[C:1]([C:2](=[C:3]([H:11])[H:12])[C:6]([O:7][H:15])([H:16])[H:17])([H:8])([H:9])[H:10].[C:4](=[O:5])([H:13])[H:14]
191,0,188,155,[C:1]([C@@:2]1([H:11])[N:3]([H:12])[C@:4]1([C:5]([C:6](=[O:7])[H:16])([H:14])[H:15])[H:13])([H:8])([H:9])[H:10]>>[C-:6]#[O+:7].[C:1]([C@@:2]([N:3]([H:12])[H:16])([C:4](=[C:5]([H:14])[H:15])[H:13])[H:11])([H:8])([H:9])[H:10]
192,0,189,156,[C:1]([C@:2]12[C:3]([H:11])([H:12])[C@@:4]1([H:13])[C@@:5]1([H:14])[N:6]([H:15])[C@@:7]21[H:16])([H:8])([H:9])[H:10]>>[C:1]([C:2]1=[C:7]([H:16])[C@@:5]2([H:14])[C@@:4]([H:13])([C:3]1([H:11])[H:12])[N:6]2[H:15])([H:8])([H:9])[H:10]
193,0,190,157,[C:1]([C@@:2]1([H:11])[C@@:3]2([H:12])[O:4][C@@:5]2([H:13])[C@:6]1([O:7][H:15])[H:14])([H:8])([H:9])[H:10]>>[C:1]([C@@:2]1([H:11])[C@@:3]([C:5](=[O:4])[H:13])([H:12])[C@:6]1([O:7][H:15])[H:14])([H:8])([H:9])[H:10]
194,1,191,157,[C:1]([C@@:2]1([H:11])[C@@:3]2([H:12])[O:4][C@@:5]2([H:13])[C@:6]1([O:7][H:15])[H:14])([H:8])([H:9])[H:10]>>[C:1](/[C:2](=[C:3](/[C@@:5]([O:4][H:15])([C:6](=[O:7])[H:14])[H:13])[H:12])[H:11])([H:8])([H:9])[H:10]
195,0,192,158,[C:1](/[N:2]=[C:3]1\[O:4][C@@:5]2([H:11])[C:6]([H:12])([H:13])[C@@:7]12[H:14])([H:8])([H:9])[H:10]>>[C:1]([N:2]=[C:3]=[C:7]([C:6]([C:5](=[O:4])[H:11])([H:12])[H:13])[H:14])([H:8])([H:9])[H:10]
196,0,193,159,[C:1]([C:2]1([C:3]([H:11])([H:12])[H:13])[C:4]([H:14])([H:15])[C:5](=[O:6])[O:7]1)([H:8])([H:9])[H:10]>>[C:1]([C:2]([C:3]([H:11])([H:12])[H:13])=[C:4]([H:14])[H:15])([H:8])([H:9])[H:10].[C:5](=[O:6])=[O:7]
197,0,194,160,[O:1]([C@@:2]1([H:9])[C@:3]2([H:10])[O:4][C@@:5]1([H:11])[C@:6]2([O:7][H:13])[H:12])[H:8]>>[O:1](/[C:2](=[C:5](/[O:4]/[C:3](=[C:6](/[O:7][H:13])[H:12])[H:10])[H:11])[H:9])[H:8]
198,1,195,160,[O:1]([C@@:2]1([H:9])[C@:3]2([H:10])[O:4][C@@:5]1([H:11])[C@:6]2([O:7][H:13])[H:12])[H:8]>>[O:1](/[C:2](=[C:5](/[C@:6]([C:3](=[O:4])[H:10])([O:7][H:13])[H:12])[H:11])[H:9])[H:8]
199,0,196,161,[O:1]=[C:2]1[C@@:3]2([H:8])[N:4]([H:9])[C@:5]1([H:10])[C:6]([H:11])=[C:7]2[H:12]>>[C:3]1([H:8])=[C:7]([H:12])[C:6]([H:11])=[C:5]([H:10])[N:4]1[H:9].[O+:1]#[C-:2]
200,1,197,161,[O:1]=[C:2]1[C@@:3]2([H:8])[N:4]([H:9])[C@:5]1([H:10])[C:6]([H:11])=[C:7]2[H:12]>>[O:1]=[C:2]1[N:4]([H:9])[C:3]([H:8])=[C:7]([H:12])[C:6]([H:11])=[C:5]1[H:10]
201,2,198,161,[O:1]=[C:2]1[C@@:3]2([H:8])[N:4]([H:9])[C@:5]1([H:10])[C:6]([H:11])=[C:7]2[H:12]>>[O:1]=[C:2]1[C:3]([H:8])=[C:7]([H:12])[C@@:6]2([H:11])[N:4]([H:9])[C@@:5]12[H:10]
202,0,199,162,[C:1]1([H:8])([H:9])[C:2]([H:10])([H:11])[C:3]2=[N:4][C:5]([H:12])=[C:6]([H:13])[N:7]12>>[C:1]1([H:8])([H:9])[C:2]([H:10])([H:11])[C:3]12[N:4]=[C:5]([H:12])[C:6]([H:13])=[N:7]2
203,1,200,162,[C:1]1([H:8])([H:9])[C:2]([H:10])([H:11])[C:3]2=[N:4][C:5]([H:12])=[C:6]([H:13])[N:7]12>>[C:1]([C:2](=[C:3]1[N:4]=[C:5]([H:12])[C:6]([H:13])=[N:7]1)[H:11])([H:8])([H:9])[H:10]
204,0,201,163,[O:1]([C:2]1=[C:3]([H:9])[N:4]=[N:5][C:6]([H:10])=[N:7]1)[H:8]>>[O:1]=[C:2]1[C:3]([H:9])=[N:4][N:5]=[C:6]([H:10])[N:7]1[H:8]
205,0,202,164,[N:1](=[C:2]1\[O:3][C:4]([H:9])([H:10])[C@@:5]12[C:6]([H:11])([H:12])[N:7]2[H:13])\[H:8]>>[N:1]1([H:8])[C:2](=[O:3])[C:5](=[C:4]([H:9])[H:10])[N:7]([H:13])[C:6]1([H:11])[H:12]
206,0,203,165,[O:1]([C:2]([C:3]([C:4]#[C:5][H:12])([C:6]#[C:7][H:13])[H:11])([H:9])[H:10])[H:8]>>[C:3](=[C:4]=[C:5]([H:8])[H:12])([C:6]#[C:7][H:13])[H:11].[O:1]=[C:2]([H:9])[H:10]
207,0,204,166,[C:1](/[C:2](=[N:3]/[H:11])[O:4][C:5]1([H:12])[C:6]([H:13])([H:14])[C:7]1([H:15])[H:16])([H:8])([H:9])[H:10]>>[C:1]([C:2]#[N:3])([H:8])([H:9])[H:10].[O:4]=[C:5]([C:7]([C:6]([H:11])([H:13])[H:14])([H:15])[H:16])[H:12]
208,0,205,167,[C:1]([C@:2]12[C@@:3]3([H:11])[C@:4]4([H:12])[C@@:5]3([H:13])[C@@:6]1([H:14])[C@:7]24[H:15])([H:8])([H:9])[H:10]>>[C:1]([C:2]1=[C:6]([H:14])[C:5]([H:13])=[C:3]([H:11])[C:4]([H:12])=[C:7]1[H:15])([H:8])([H:9])[H:10]
209,0,206,168,[O:1]([C:2]([C@@:3]([C:4]#[C:5][H:12])([C:6]#[N:7])[H:11])([H:9])[H:10])[H:8]>>[C:3](=[C:4]=[C:5]([H:8])[H:12])([C:6]#[N:7])[H:11].[O:1]=[C:2]([H:9])[H:10]
210,0,207,169,[C:1]1([H:8])([H:9])[O:2][C@@:3]2([H:10])[C:4]([H:11])=[C:5]([H:12])[C:6]([H:13])([H:14])[C@@:7]12[H:15]>>[C:1](=[O:2])([H:8])[H:9].[C:3]1([H:10])=[C:7]([H:15])[C:6]([H:13])([H:14])[C:5]([H:12])=[C:4]1[H:11]
211,0,208,170,[N:1]#[C:2][C:3](=[C:4]([O-:5])[H:8])[N+:7]#[N:6]>>[N:1]#[C:2][C:3](=[C:4]=[O:5])[H:8].[N:6]#[N:7]
212,0,209,171,[O:1]([C:2]([C@@:3]1([H:11])[C@@:4]2([H:12])[C:5]([H:13])([H:14])[C@:6]1([H:15])[O:7]2)([H:9])[H:10])[H:8]>>[O:1]([C:2]([C@@:3]([C:4](=[O:7])[H:12])([C:6](=[C:5]([H:13])[H:14])[H:15])[H:11])([H:9])[H:10])[H:8]
213,1,210,171,[O:1]([C:2]([C@@:3]1([H:11])[C@@:4]2([H:12])[C:5]([H:13])([H:14])[C@:6]1([H:15])[O:7]2)([H:9])[H:10])[H:8]>>[O:1]([C:2](/[C:3](=[C:4](\[C:5]([C:6](=[O:7])[H:15])([H:13])[H:14])[H:12])[H:11])([H:9])[H:10])[H:8]
214,0,211,172,[C:1]([C:2]([C:3]([H:12])([H:13])[H:14])([C@@:4]1([H:15])[C:5]([H:16])([H:17])[C@:6]1([O:7][H:19])[H:18])[H:11])([H:8])([H:9])[H:10]>>[C:1]([C:2]([C:3]([H:12])([H:13])[H:14])=[C:4]([C:5]([C:6](=[O:7])[H:18])([H:16])[H:17])[H:15])([H:8])([H:9])[H:10].[H:11][H:19]
215,0,212,173,[O:1]([C@@:2]([C:3]([C:4]#[C:5][H:12])([H:10])[H:11])([C:6]#[C:7][H:13])[H:9])[H:8]>>[C:3](=[C:4]=[C:5]([H:8])[H:12])([H:10])[H:11].[O:1]=[C:2]([C:6]#[C:7][H:13])[H:9]
216,1,213,173,[O:1]([C@@:2]([C:3]([C:4]#[C:5][H:12])([H:10])[H:11])([C:6]#[C:7][H:13])[H:9])[H:8]>>[O:1]([C:2](=[C:6]=[C:7]([C:5](=[C:4]=[C:3]([H:10])[H:11])[H:12])[H:13])[H:9])[H:8]
217,0,214,174,[O:1]([C@@:2]1([H:9])[C:3]([H:10])([H:11])[N:4]([H:12])[C@:5]1([C:6](=[O:7])[H:14])[H:13])[H:8]>>[O:1]=[C:2]([C:3]([N:4]([C:5](=[C:6]([O:7][H:8])[H:14])[H:13])[H:12])([H:10])[H:11])[H:9]
218,0,215,175,[C:1]([C:2]12[C:3]([H:11])([H:12])[C:4]([H:13])([C:5]1([H:14])[H:15])[C:6]([H:16])=[C:7]2[H:17])([H:8])([H:9])[H:10]>>[C:1]([C@@:2]12[C:3]([H:11])([H:12])[C@:7]1([H:17])[C:6]([H:16])=[C:4]([H:13])[C:5]2([H:14])[H:15])([H:8])([H:9])[H:10]
219,1,216,175,[C:1]([C:2]12[C:3]([H:11])([H:12])[C:4]([H:13])([C:5]1([H:14])[H:15])[C:6]([H:16])=[C:7]2[H:17])([H:8])([H:9])[H:10]>>[C:1]([C:2]1=[C:7]([H:17])[C@:6]2([H:16])[C:3]([H:11])([H:12])[C@:4]2([H:13])[C:5]1([H:14])[H:15])([H:8])([H:9])[H:10]
220,0,217,176,[C:1]1([H:8])([H:9])[C@@:2]2([H:10])[C@@:3]3([H:11])[O:4][C:5]([H:12])([H:13])[C@:6]1([H:14])[C@@:7]23[H:15]>>[C:1]1([H:8])([H:9])[C:2]([H:10])=[C:3]([H:11])[C:7]([H:15])=[C:6]1[H:14].[O:4]=[C:5]([H:12])[H:13]
221,0,218,177,[N:1]([C:2]1=[C:3]([O:4][H:10])[C:5]([H:11])=[C:6]([H:12])[N:7]1[H:13])([H:8])[H:9]>>[N:1]([C:2]1=[N:7][C:6]([H:12])([H:13])[C:5]([H:11])=[C:3]1[O:4][H:10])([H:8])[H:9]
222,0,219,178,[C:1]([C@@:2]1([H:11])[C:3]([H:12])([H:13])[C@@:4]2([H:14])[O:5][C:6]([H:15])([H:16])[C@@:7]12[H:17])([H:8])([H:9])[H:10]>>[C:1]([C@@:2]([C:3]([C:4](=[O:5])[H:14])([H:12])[H:13])([C:7](=[C:6]([H:15])[H:16])[H:17])[H:11])([H:8])([H:9])[H:10]
223,0,220,179,[O:1]([C:2]1([C:6](=[O:7])[H:13])[C:3]([H:9])([H:10])[O:4][C:5]1([H:11])[H:12])[H:8]>>[O:1]=[C:2]1[C:3]([H:9])([H:10])[O:4][C:5]([H:11])([H:12])[C@@:6]1([O:7][H:8])[H:13]
224,1,221,179,[O:1]([C:2]1([C:6](=[O:7])[H:13])[C:3]([H:9])([H:10])[O:4][C:5]1([H:11])[H:12])[H:8]>>[O:1]([C:2](=[C:3]([H:9])[H:10])[C:6](=[O:7])[H:13])[H:8].[O:4]=[C:5]([H:11])[H:12]
225,0,222,180,[N:1](=[C:2](/[O:3][C:4]([C:5]([C:6]#[N:7])([H:12])[H:13])([H:10])[H:11])[H:9])\[H:8]>>[C:4](=[C:5]([C:6]#[N:7])[H:12])([H:10])[H:11].[N:1]([C:2](=[O:3])[H:9])([H:8])[H:13]
226,0,223,181,[N:1]([C:2]1=[C:3]([O:4][H:10])[N:5]([H:11])[C:6]([H:12])=[C:7]1[H:13])([H:8])[H:9]>>[N:1]([C@@:2]1([H:10])[C:3](=[O:4])[N:5]([H:11])[C:6]([H:12])=[C:7]1[H:13])([H:8])[H:9]
227,0,224,182,[N:1]#[C:2][C@@:3]1([H:8])[C@@:4]2([H:9])[C:5]([H:10])([H:11])[C:6]([H:12])([H:13])[N:7]12>>[N:1]#[C:2][C:3](=[N+:7]1[C-:4]([H:9])[C:5]([H:10])([H:11])[C:6]1([H:12])[H:13])[H:8]
228,0,225,183,[O:1]=[C:2]1[C:3]([H:8])([H:9])[N:4]2[C:5]([H:10])([H:11])[C:6]1([H:12])[C:7]2([H:13])[H:14]>>[O:1]=[C:2]([C:3]([N:4]=[C:7]([H:13])[H:14])([H:8])[H:9])[C:6](=[C:5]([H:10])[H:11])[H:12]
229,0,226,184,[C:1]([N:2]([C:3](=[O:4])[N:5](/[C:6](=[N:7]/[H:14])[H:13])[H:12])[H:11])([H:8])([H:9])[H:10]>>[C:1]([N:2]([C:3](=[O:4])/[N:5]=[C:6](/[N:7]([H:12])[H:14])[H:13])[H:11])([H:8])([H:9])[H:10]
230,0,227,185,[C:1]([C@@:2]12[O:3][C@@:4]3([H:11])[C:5]([H:12])([H:13])[C@:6]1([H:14])[C@@:7]23[H:15])([H:8])([H:9])[H:10]>>[C:1]([C:2](=[O:3])[C@:6]1([H:14])[C:5]([H:12])([H:13])[C:4]([H:11])=[C:7]1[H:15])([H:8])([H:9])[H:10]
231,0,228,186,[C:1]1([H:8])([H:9])[C@:2]2([H:10])[O:3][C:4]([H:11])([H:12])[C:5]([H:13])([H:14])[O:6][C@:7]12[H:15]>>[C:1]([C:2](=[O:3])[H:10])([C:7](=[O:6])[H:15])([H:8])[H:9].[C:4](=[C:5]([H:13])[H:14])([H:11])[H:12]
232,0,229,187,[N:1](=[C:2](\[O:3][C:4](=[O:5])[H:9])[C:6]#[N:7])\[H:8]>>[C-:4]#[O+:5].[N:1]([C:2](=[O:3])[C:6]#[N:7])([H:8])[H:9]
233,1,230,187,[N:1](=[C:2](\[O:3][C:4](=[O:5])[H:9])[C:6]#[N:7])\[H:8]>>[N:1]#[C:2][C:6]#[N:7].[O:3]=[C:4]([O:5][H:8])[H:9]
234,0,231,188,[C:1]([C:2]1=[N:3][O:4][C:5](=[O:6])[O:7]1)([H:8])([H:9])[H:10]>>[C:1]([N:3]=[C:2]=[O:7])([H:8])([H:9])[H:10].[O:4]=[C:5]=[O:6]
235,0,232,189,[C:1]([C@@:2]12[C@@:3]3([H:11])[C:4]([H:12])([H:13])[N:5]1[C:6]([H:14])([H:15])[C@@:7]23[H:16])([H:8])([H:9])[H:10]>>[C:1]([C:2]1=[N:5][C:4]([H:12])([H:13])[C@:3]1([C:7](=[C:6]([H:14])[H:15])[H:16])[H:11])([H:8])([H:9])[H:10]
236,0,233,190,[C:1]([N:2]1[C@@:3]2([H:11])[C@@:4]3([H:12])[C:5]([H:13])([H:14])[C@:6]1([H:15])[C@@:7]23[H:16])([H:8])([H:9])[H:10]>>[C:1](/[N:2]=[C:3](/[C@@:4]1([H:12])[C:5]([H:13])([H:14])[C:6]([H:15])=[C:7]1[H:16])[H:11])([H:8])([H:9])[H:10]
237,1,234,190,[C:1]([N:2]1[C@@:3]2([H:11])[C@@:4]3([H:12])[C:5]([H:13])([H:14])[C@:6]1([H:15])[C@@:7]23[H:16])([H:8])([H:9])[H:10]>>[C:1]([N:2]1[C@:3]([C:4](=[C:5]([H:13])[H:14])[H:12])([H:11])[C:7]([H:16])=[C:6]1[H:15])([H:8])([H:9])[H:10]
238,0,235,191,[O:1]=[C:2]([C:3]([C:4]#[C:5][H:10])([H:8])[H:9])[C:6]#[N:7]>>[C:3](=[C:4]=[C:5]([C:6]#[N:7])[H:10])([H:8])[H:9].[O+:1]#[C-:2]
239,0,236,192,[O:1]([C+:2]1[N-:3][C:4]([O:5][H:9])=[C:6]([H:10])[N:7]1[H:11])[H:8]>>[O:1]=[C:2]1[N:3]([H:8])[C:4]([O:5][H:9])=[C:6]([H:10])[N:7]1[H:11]
240,0,237,193,[O:1]([C@@:2]1([H:9])[C:3]([H:10])([H:11])[C@:4]1([O:5][C:6](=[O:7])[H:13])[H:12])[H:8]>>[O:1]([C@@:2]([C:4](=[C:3]([H:10])[H:11])[H:12])([O:7][C:6](=[O:5])[H:13])[H:9])[H:8]
241,1,238,193,[O:1]([C@@:2]1([H:9])[C:3]([H:10])([H:11])[C@:4]1([O:5][C:6](=[O:7])[H:13])[H:12])[H:8]>>[O:1]=[C:2]([C:4](=[C:3]([H:10])[H:11])[H:12])[H:9].[O:5]=[C:6]([O:7][H:8])[H:13]
242,0,239,194,[C:1]([C:2]1=[C:3]([H:11])[O:4][C:5]([O:6][H:12])=[N:7]1)([H:8])([H:9])[H:10]>>[C:1]([C:2]1=[C:3]([H:11])[O:4][C:5](=[O:6])[N:7]1[H:12])([H:8])([H:9])[H:10]
243,0,240,195,[C:1]([C@@:2]1([H:11])[C@:3]([C:4]([H:13])([H:14])[H:15])([H:12])[C@:5]1([C:6]#[C:7][H:17])[H:16])([H:8])([H:9])[H:10]>>[C:1]([C@@:2]([C:3](=[C:4]([H:14])[H:15])[H:12])([C:5](=[C:6]=[C:7]([H:13])[H:17])[H:16])[H:11])([H:8])([H:9])[H:10]
244,0,241,196,[C:1]([O:2][C@@:3]1([H:11])[C@@:4]2([H:12])[C:5]([H:13])([H:14])[C:6]([H:15])([H:16])[C@@:7]12[H:17])([H:8])([H:9])[H:10]>>[C:1](=[O:2])([H:8])[H:9].[C:3]1([H:11])=[C:4]([H:12])[C:5]([H:13])([H:14])[C:6]([H:15])([H:16])[C:7]1([H:10])[H:17]
245,0,242,197,[O:1]([C@@:2]1([H:9])[C:3]([H:10])([H:11])[C@@:4]2([O:5][H:12])[C:6]([H:13])([H:14])[C@@:7]12[H:15])[H:8]>>[O:1](/[C:2](=[C:7](/[C:6]([C:4](=[C:3]([H:10])[H:11])[O:5][H:12])([H:13])[H:14])[H:15])[H:9])[H:8]
246,0,243,198,[C:1]([C@@:2]12[C:3]([H:11])([H:12])[C@@:4]([H:13])([C:5]([H:14])([H:15])[C:6]1([H:16])[H:17])[O:7]2)([H:8])([H:9])[H:10]>>[C:1]([C:2](=[C:3]([H:11])[H:12])[C:6]([C:5]([C:4](=[O:7])[H:13])([H:14])[H:15])([H:16])[H:17])([H:8])([H:9])[H:10]
247,0,244,199,[O:1]([C@@:2]1([H:9])[C@@:3]2([H:10])[O:4][C@:5]1([H:11])[C:6]([H:12])=[C:7]2[H:13])[H:8]>>[O:1]([C@@:2]1([H:9])[C:3]([H:10])=[C:7]([H:13])[C@@:6]2([H:12])[O:4][C@@:5]12[H:11])[H:8]
248,1,245,199,[O:1]([C@@:2]1([H:9])[C@@:3]2([H:10])[O:4][C@:5]1([H:11])[C:6]([H:12])=[C:7]2[H:13])[H:8]>>[O:1]([C@@:2]1([H:9])[O:4][C:3]([H:10])=[C:7]([H:13])[C:6]([H:12])=[C:5]1[H:11])[H:8]
249,0,246,200,[C:1]([C@@:2]12[O:3][C@@:4]3([H:11])[C@:5]1([H:12])[O:6][C@@:7]23[H:13])([H:8])([H:9])[H:10]>>[C:1]([C@@:2]1([C:7](=[O:6])[H:13])[O:3][C:4]([H:11])=[C:5]1[H:12])([H:8])([H:9])[H:10]
250,1,247,200,[C:1]([C@@:2]12[O:3][C@@:4]3([H:11])[C@:5]1([H:12])[O:6][C@@:7]23[H:13])([H:8])([H:9])[H:10]>>[C:1]([C:2](=[O:3])[C@@:7]1([H:13])[C:4]([H:11])=[C:5]([H:12])[O:6]1)([H:8])([H:9])[H:10]
251,2,248,200,[C:1]([C@@:2]12[O:3][C@@:4]3([H:11])[C@:5]1([H:12])[O:6][C@@:7]23[H:13])([H:8])([H:9])[H:10]>>[C:1]([C:2]1=[C:7]([H:13])[O:6][C@:5]1([C:4](=[O:3])[H:11])[H:12])([H:8])([H:9])[H:10]
252,0,249,201,[C:1]([C@@:2]([O:3][H:12])([C@@:4]([O:5][H:14])([C:6](=[O:7])[H:15])[H:13])[H:11])([H:8])([H:9])[H:10]>>[C:1]([C@@:2]([O:3][H:12])([C:4](=[O:5])[C:6]([O:7][H:14])([H:13])[H:15])[H:11])([H:8])([H:9])[H:10]
253,0,250,202,[O:1]([C:2]([C:3]#[C:4][C:5]([C:6](=[O:7])[H:13])([H:11])[H:12])([H:9])[H:10])[H:8]>>[C-:6]#[O+:7].[O:1]([C:2]([C:3](=[C:4]=[C:5]([H:11])[H:12])[H:13])([H:9])[H:10])[H:8]
254,0,251,203,[C:1]1([H:8])([H:9])[O:2][C@@:3]2([H:10])[C@@:4]3([H:11])[O:5][C@:6]1([H:12])[C@@:7]23[H:13]>>[C:1](=[O:2])([H:8])[H:9].[C:3]1([H:10])=[C:4]([H:11])[O:5][C:6]([H:12])=[C:7]1[H:13]
255,1,252,203,[C:1]1([H:8])([H:9])[O:2][C@@:3]2([H:10])[C@@:4]3([H:11])[O:5][C@:6]1([H:12])[C@@:7]23[H:13]>>[C:1]1([H:8])([H:9])[O:2][C@:4]2([H:11])[C:3]([H:10])=[C:7]([H:13])[C@@:6]1([H:12])[O:5]2
256,0,253,204,[O:1]([C@@:2]1([H:9])[C:3]([H:10])([H:11])[C@:4]2([C:5]([H:12])([H:13])[N:6]2[H:14])[C:7]1([H:15])[H:16])[H:8]>>[O:1]=[C:2]([C:3]([C:4]([C:5]([N:6]([H:8])[H:14])([H:12])[H:13])=[C:7]([H:15])[H:16])([H:10])[H:11])[H:9]
257,0,254,205,[C:1]([C@@:2]([O:3][C:4](=[O:5])[H:12])([C:6]#[C:7][H:13])[H:11])([H:8])([H:9])[H:10]>>[C:1]([C:2](=[C:6]=[C:7]([O:5][C:4](=[O:3])[H:12])[H:13])[H:11])([H:8])([H:9])[H:10]
258,1,255,205,[C:1]([C@@:2]([O:3][C:4](=[O:5])[H:12])([C:6]#[C:7][H:13])[H:11])([H:8])([H:9])[H:10]>>[C:1]([C:2](=[C:6]=[C:7]([H:12])[H:13])[H:11])([H:8])([H:9])[H:10].[O:3]=[C:4]=[O:5]
259,0,256,206,[N:1](=[C:2]1\[N:3]=[N:4][O:5][N:6]=[C:7]1[H:9])\[H:8]>>[N-:1]([C:2]([N+:4]#[N:3])=[C:7]([N:6]=[O:5])[H:9])[H:8]
260,1,257,206,[N:1](=[C:2]1\[N:3]=[N:4][O:5][N:6]=[C:7]1[H:9])\[H:8]>>[N:1]#[C:2][C:7]([N:6]=[O:5])([H:8])[H:9].[N:3]#[N:4]
261,2,258,206,[N:1](=[C:2]1\[N:3]=[N:4][O:5][N:6]=[C:7]1[H:9])\[H:8]>>[N:1](=[C:2]=[C:7]([N:6]=[O:5])[H:9])[H:8].[N:3]#[N:4]
262,3,259,206,[N:1](=[C:2]1\[N:3]=[N:4][O:5][N:6]=[C:7]1[H:9])\[H:8]>>[N:1](=[C:2]=[N:3][N:4]=[O:5])[H:8].[N:6]#[C:7][H:9]
263,4,260,206,[N:1](=[C:2]1\[N:3]=[N:4][O:5][N:6]=[C:7]1[H:9])\[H:8]>>[N:1](=[C:2]1\[O:5][N:6]=[C:7]1[H:9])\[H:8].[N:3]#[N:4]
264,0,261,207,[N:1]#[C:2][C:3]12[C:4]([H:8])([H:9])[C:5]([H:10])([C:6]1([H:11])[H:12])[O:7]2>>[N:1]#[C:2][C:3](=[C:4]([H:8])[H:9])[C:6]([C:5](=[O:7])[H:10])([H:11])[H:12]
265,1,262,207,[N:1]#[C:2][C:3]12[C:4]([H:8])([H:9])[C:5]([H:10])([C:6]1([H:11])[H:12])[O:7]2>>[N:1]#[C:2][C:3]([C:6]([C:5](=[C:4]([H:8])[H:9])[H:10])([H:11])[H:12])=[O:7]
266,0,263,208,[C:1]([C:2](=[O:3])[C:4](=[O:5])[C:6](=[O:7])[H:11])([H:8])([H:9])[H:10]>>[C-:4]#[O+:5].[C:1]([C:2](=[O:3])[C:6](=[O:7])[H:11])([H:8])([H:9])[H:10]
267,1,264,208,[C:1]([C:2](=[O:3])[C:4](=[O:5])[C:6](=[O:7])[H:11])([H:8])([H:9])[H:10]>>[C:1]([C:2]([O:3][C:6](=[O:7])[H:11])=[C:4]=[O:5])([H:8])([H:9])[H:10]
268,0,265,209,[C:1]([C@@:2]([O:3][H:12])([C:4](=[O:5])[C:6]#[C:7][H:13])[H:11])([H:8])([H:9])[H:10]>>[C:1]([C:2](=[O:3])[H:11])([H:8])([H:9])[H:10].[C:4](=[O:5])=[C:6]=[C:7]([H:12])[H:13]
271,0,266,210,[O:1]([C@@:2]1([H:9])[C@@:3]2([H:10])[C@@:4]3([H:11])[C:5]([H:12])([H:13])[C@:6]1([H:14])[N:7]23)[H:8]>>[O:1](/[C:2](=[C:3](/[C@@:4]1([H:11])[C:5]([H:12])([H:13])[C:6]([H:14])=[N:7]1)[H:10])[H:9])[H:8]
272,1,267,210,[O:1]([C@@:2]1([H:9])[C@@:3]2([H:10])[C@@:4]3([H:11])[C:5]([H:12])([H:13])[C@:6]1([H:14])[N:7]23)[H:8]>>[O:1](/[C:2](=[C:6](/[C:5]([C@:4]1([H:11])[C:3]([H:10])=[N:7]1)([H:12])[H:13])[H:14])[H:9])[H:8]
273,0,268,211,[N:1]([C:2](=[O:3])[C:4]([C@@:5]1([H:12])[C:6]([H:13])([H:14])[O:7]1)([H:10])[H:11])([H:8])[H:9]>>[C:4](=[C:5]([C:6]([O:7][H:9])([H:13])[H:14])[H:12])([H:10])[H:11].[N:1](=[C:2]=[O:3])[H:8]
274,0,269,212,[C:1]([C:2](=[O:3])[C@@:4]([O:5][H:12])([C:6](=[O:7])[H:13])[H:11])([H:8])([H:9])[H:10]>>[C:1]([C:2](=[O:3])[O:5]/[C:4](=[C:6](\[O:7][H:12])[H:13])[H:11])([H:8])([H:9])[H:10]
275,0,270,213,[C:1]([C:2]([N:3](/[C:4](=[N:5]/[H:14])[C:6]#[N:7])[H:13])([H:11])[H:12])([H:8])([H:9])[H:10]>>[C:1]([C:2](/[N:3]=[C:4](/[N:5]([H:13])[H:14])[C:6]#[N:7])([H:11])[H:12])([H:8])([H:9])[H:10]
276,0,271,214,[N:1](=[C:2]=[C:7]([C:6](=[O:5])[H:9])[H:10])[H:8].[N:3]#[N:4]>>[N:1]#[C:2]/[C:7](=[C:6](\[O:5][H:8])[H:9])[H:10].[N:3]#[N:4]
277,1,272,214,[N:1](=[C:2]=[C:7]([C:6](=[O:5])[H:9])[H:10])[H:8].[N:3]#[N:4]>>[N:1](=[C:2](/[C:7](=[C:6]=[O:5])[H:10])[H:9])\[H:8].[N:3]#[N:4]
278,0,273,215,[C:1]([N:2]1[C@:3]2([H:11])[C:4]([H:12])([H:13])[C@@:5]1([H:14])[C:6]([H:15])=[C:7]2[H:16])([H:8])([H:9])[H:10]>>[C:1]([N:2]1[C@@:3]2([H:11])[C:4]([H:12])([H:13])[C:5]([H:14])=[C:6]([H:15])[C@@:7]12[H:16])([H:8])([H:9])[H:10]
279,1,274,215,[C:1]([N:2]1[C@:3]2([H:11])[C:4]([H:12])([H:13])[C@@:5]1([H:14])[C:6]([H:15])=[C:7]2[H:16])([H:8])([H:9])[H:10]>>[C:1]([N:2]1[C:3]([H:11])=[C:7]([H:16])[C@@:6]2([H:15])[C:4]([H:12])([H:13])[C@@:5]12[H:14])([H:8])([H:9])[H:10]
280,0,275,216,[C:1]([C:2]1=[C:3]([H:11])[N:4]([H:12])[C:5]([O:6][H:13])=[N:7]1)([H:8])([H:9])[H:10]>>[C:1]([C:2]1=[C:3]([H:11])[N:4]([H:12])[C:5](=[O:6])[N:7]1[H:13])([H:8])([H:9])[H:10]
281,0,276,217,[O:1]([C:2]([C@@:3]([C:4](=[O:5])[H:12])([C:6]#[C:7][H:13])[H:11])([H:9])[H:10])[H:8]>>[C-:4]#[O+:5].[O:1]([C:2]([C:3](=[C:6]=[C:7]([H:12])[H:13])[H:11])([H:9])[H:10])[H:8]
282,1,277,217,[O:1]([C:2]([C@@:3]([C:4](=[O:5])[H:12])([C:6]#[C:7][H:13])[H:11])([H:9])[H:10])[H:8]>>[C:3]([C:4](=[O:5])[H:12])(=[C:6]=[C:7]([H:8])[H:13])[H:11].[O:1]=[C:2]([H:9])[H:10]
283,0,278,218,[C:1]([C@@:2]([O:3][H:11])([C:4]([O:5][H:14])([H:12])[H:13])[C:6]#[C:7][H:15])([H:8])([H:9])[H:10]>>[C:1]([C:2]([O:3][H:11])=[C:6]=[C:7]([H:14])[H:15])([H:8])([H:9])[H:10].[C:4](=[O:5])([H:12])[H:13]
284,0,279,219,[C:1](/[C:2](=[N:3]\[H:11])[O:4][C:5]([C:6](=[O:7])[H:14])([H:12])[H:13])([H:8])([H:9])[H:10]>>[C:1]([C:2]([N:3]([C:5]([C:6](=[O:7])[H:14])([H:12])[H:13])[H:11])=[O:4])([H:8])([H:9])[H:10]
285,0,280,220,[C:1]([C:2]12[C:3]([H:11])([H:12])[C:4]([C:5]([H:13])([H:14])[H:15])([C:6]1([H:16])[H:17])[O:7]2)([H:8])([H:9])[H:10]>>[C:1]([C:2]([C:3]([C:4]([C:5]([H:13])([H:14])[H:15])=[C:6]([H:16])[H:17])([H:11])[H:12])=[O:7])([H:8])([H:9])[H:10]
286,0,281,221,[O:1](/[N:2]=[C:3]1/[C:4]([H:9])([H:10])[C:5]([H:11])([H:12])[C@:6]1([O:7][H:14])[H:13])[H:8]>>[N:2]#[C:3][C:4]([C:5]([C:6](=[O:7])[H:13])([H:11])[H:12])([H:9])[H:10].[O:1]([H:8])[H:14]
287,0,282,222,[C:1]([O:2][C@@:3]1([H:11])[C:4]([H:12])([H:13])[O:5][C:6]1=[O:7])([H:8])([H:9])[H:10]>>[C:1]([O:2][C:3](=[C:4]([H:12])[H:13])[H:11])([H:8])([H:9])[H:10].[O:5]=[C:6]=[O:7]
288,0,283,223,[O:1]1[C@@:2]2([H:8])[C@:3]3([H:9])[C:4]([H:10])=[C:5]([H:11])[C@@:6]2([H:12])[C@:7]13[H:13]>>[O:1]1[C@@:2]2([H:8])[C@@:5]3([H:11])[C:4]([H:10])=[C:3]([H:9])[C@:7]1([H:13])[C@@:6]23[H:12]
289,1,284,223,[O:1]1[C@@:2]2([H:8])[C@:3]3([H:9])[C:4]([H:10])=[C:5]([H:11])[C@@:6]2([H:12])[C@:7]13[H:13]>>[O:1]=[C:2]([C@@:6]1([H:12])[C@@:5]2([H:11])[C:4]([H:10])=[C:3]([H:9])[C@:7]21[H:13])[H:8]
290,0,285,224,[O:1]=[C:2]([C:3]1([C:6](=[O:7])[H:11])[C:4]([H:9])([H:10])[O:5]1)[H:8]>>[O:1]=[C:2]([C:3]1=[C:6]([H:11])[O:7][C:4]([H:9])([H:10])[O:5]1)[H:8]
291,0,286,225,[C:1](#[C:2][C@@:3]1([H:9])[N:4]([H:10])[C@:5]1([C:6]#[N:7])[H:11])[H:8]>>[C:1](#[C:2][C+:3]([N:4]([C:5](=[C:6]=[N-:7])[H:11])[H:10])[H:9])[H:8]
292,0,287,226,[C:1]([C@@:2]12[C:3]([H:11])([H:12])[C@:4]1([O:5][H:13])[C:6]([H:14])([H:15])[O:7]2)([H:8])([H:9])[H:10]>>[C:1]([C:2]([C:4]1([O:5][H:13])[C:3]([H:11])([H:12])[C:6]1([H:14])[H:15])=[O:7])([H:8])([H:9])[H:10]
293,0,288,227,[C:1]([C@@:2]1([H:11])[O:3][C@@:4]2([H:12])[C:5]([H:13])([H:14])[C@@:6]12[C:7]([H:15])([H:16])[H:17])([H:8])([H:9])[H:10]>>[C:1](/[C:2](=[C:6](\[C:5]([C:4](=[O:3])[H:12])([H:13])[H:14])[C:7]([H:15])([H:16])[H:17])[H:11])([H:8])([H:9])[H:10]
294,0,289,228,[N:1]([C:2]1=[N:3][C:4]([H:10])=[N:5][N:6]=[N:7]1)([H:8])[H:9]>>[C:4](#[N:5])[H:10].[N:1]([C:2]#[N:3])([H:8])[H:9].[N:6]#[N:7]
295,0,290,229,[C:1]([C:2]1=[C:3]([H:11])[C:4]([H:12])([H:13])[C@@:5]2([H:14])[O:6][C@@:7]12[H:15])([H:8])([H:9])[H:10]>>[C:1](/[C:2]([C:3](=[C:4]([H:12])[H:13])[H:11])=[C:7](/[C:5](=[O:6])[H:14])[H:15])([H:8])([H:9])[H:10]
298,0,291,230,[C:1](#[C:2][C@:3]1([H:9])[N:4]([H:10])[C@@:5]1([C:6]#[C:7][H:12])[H:11])[H:8]>>[C:1](#[C:2][C-:3]([N:4]([C:5](=[C:6]=[C+:7][H:12])[H:11])[H:10])[H:9])[H:8]
300,0,292,231,[C:1]1([H:8])([H:9])[C@:2]2([H:10])[C@@:3]3([H:11])[C@:4]2([H:12])[N:5]2[C@:6]1([H:13])[C@@:7]32[H:14]>>[C:1]1([H:8])([H:9])[C@:2]2([H:10])[C@:4]3([H:12])[C:3]([H:11])=[C:7]([H:14])[C@@:6]1([H:13])[N:5]23
301,0,293,232,[N:1]([C:2]1=[N:3][C:4]([O:5][H:10])=[C:6]([H:11])[N:7]1[H:12])([H:8])[H:9]>>[N:1]([C+:2]1[N-:3][C+:4]([O:5][H:10])[C:6]([H:11])([H:12])[N-:7]1)([H:8])[H:9]
302,0,294,233,[C:1]([C@@:2]1([H:11])[O:3][C@@:4]2([H:12])[C:5]([H:13])([H:14])[C@@:6]12[O:7][H:15])([H:8])([H:9])[H:10]>>[C:1](/[C:2](=[C:6](/[C:5]([C:4](=[O:3])[H:12])([H:13])[H:14])[O:7][H:15])[H:11])([H:8])([H:9])[H:10]
303,0,295,234,[N:1](=[C:2]1\[O:3][C@@:4]2([H:9])[C:5]([H:10])([H:11])[C:6]([H:12])([H:13])[C@@:7]12[H:14])\[H:8]>>[C:4]1([H:9])=[C:7]([H:14])[C:6]([H:12])([H:13])[C:5]1([H:10])[H:11].[N:1](=[C:2]=[O:3])[H:8]
304,1,296,234,[N:1](=[C:2]1\[O:3][C@@:4]2([H:9])[C:5]([H:10])([H:11])[C:6]([H:12])([H:13])[C@@:7]12[H:14])\[H:8]>>[N:1](=[C:2]=[C:7]([C:6]([C:5]([C:4](=[O:3])[H:9])([H:10])[H:11])([H:12])[H:13])[H:14])[H:8]
305,0,297,235,[O:1]([C:2]([C:3]([O:4][C:5]([C:6]#[C:7][H:15])([H:13])[H:14])([H:11])[H:12])([H:9])[H:10])[H:8]>>[C:5](=[C:6]=[C:7]([H:12])[H:15])([H:13])[H:14].[O:1]([C:2]([C:3](=[O:4])[H:11])([H:9])[H:10])[H:8]
306,0,298,236,[C:1]([C@@:2]12[C:3]([H:11])([H:12])[C@@:4]3([H:13])[O:5][C@:6]1([H:14])[C@@:7]23[H:15])([H:8])([H:9])[H:10]>>[C:1]([C@:2]1([C:6](=[O:5])[H:14])[C:3]([H:11])([H:12])[C:4]([H:13])=[C:7]1[H:15])([H:8])([H:9])[H:10]
307,0,299,237,[N:1]([C:2]1=[N:3][N:4]([H:10])[C:5]([O:6][H:11])=[N:7]1)([H:8])[H:9]>>[N:1]([C:2]1=[N:3][N:4]([H:10])[C:5](=[O:6])[N:7]1[H:11])([H:8])[H:9]
308,0,300,238,[O:1]([C@@:2]1([H:9])[C:3]([H:10])([H:11])[C@:4]2([C:5]([H:12])([H:13])[O:6]2)[C:7]1([H:14])[H:15])[H:8]>>[O:1]=[C:2]([C:7]([C:4](=[C:3]([H:10])[H:11])[C:5]([O:6][H:8])([H:12])[H:13])([H:14])[H:15])[H:9]
309,0,301,239,[C:1]([O:2][C:3]([C@@:4]1([H:13])[C:5]([H:14])([H:15])[C@:6]1([O:7][H:17])[H:16])([H:11])[H:12])([H:8])([H:9])[H:10]>>[C:1]([O:2][H:17])([H:8])([H:9])[H:10].[C:3](=[C:4]([C:5]([C:6](=[O:7])[H:16])([H:14])[H:15])[H:13])([H:11])[H:12]
310,1,302,239,[C:1]([O:2][C:3]([C@@:4]1([H:13])[C:5]([H:14])([H:15])[C@:6]1([O:7][H:17])[H:16])([H:11])[H:12])([H:8])([H:9])[H:10]>>[C:1]([O:2]/[C:3](=[C:4](\[C:5]([C:6](=[O:7])[H:16])([H:14])[H:15])[H:13])[H:12])([H:8])([H:9])[H:10].[H:11][H:17]
311,0,303,240,[C:1]([O:2][C:3]([C:4]([H:11])([H:12])[H:13])([C:5]([H:14])([H:15])[H:16])[C:6]#[C:7][H:17])([H:8])([H:9])[H:10]>>[C:1](=[O:2])([H:8])[H:9].[C:3]([C:4]([H:11])([H:12])[H:13])([C:5]([H:14])([H:15])[H:16])=[C:6]=[C:7]([H:10])[H:17]
312,0,304,241,[N:1]([C@:2]12[C:3]([H:10])([H:11])[C@@:4]1([H:12])[O:5][C:6]2=[O:7])([H:8])[H:9]>>[N:1]([C:2]([C:3]([C:4](=[O:5])[H:12])([H:10])[H:11])=[C:6]=[O:7])([H:8])[H:9]
313,1,305,241,[N:1]([C@:2]12[C:3]([H:10])([H:11])[C@@:4]1([H:12])[O:5][C:6]2=[O:7])([H:8])[H:9]>>[N:1]([C:2]1=[C:4]([H:12])[C:3]1([H:10])[H:11])([H:8])[H:9].[O:5]=[C:6]=[O:7]
314,2,306,241,[N:1]([C@:2]12[C:3]([H:10])([H:11])[C@@:4]1([H:12])[O:5][C:6]2=[O:7])([H:8])[H:9]>>[C-:6]#[O+:7].[N:1]([C:2](=[C:3]([H:10])[H:11])[C:4](=[O:5])[H:12])([H:8])[H:9]
315,3,307,241,[N:1]([C@:2]12[C:3]([H:10])([H:11])[C@@:4]1([H:12])[O:5][C:6]2=[O:7])([H:8])[H:9]>>[N:1]([C+:2]([C:4](=[C:3]([H:10])[H:11])[H:12])[C:6]([O-:5])=[O:7])([H:8])[H:9]
316,0,308,242,[C:1]([C@:2]12[C:3]([H:11])([H:12])[C@@:4]1([H:13])[C:5](=[O:6])[O:7]2)([H:8])([H:9])[H:10]>>[C:1]([C:2]([C:3]([C:4](=[C:5]=[O:6])[H:13])([H:11])[H:12])=[O:7])([H:8])([H:9])[H:10]
317,1,309,242,[C:1]([C@:2]12[C:3]([H:11])([H:12])[C@@:4]1([H:13])[C:5](=[O:6])[O:7]2)([H:8])([H:9])[H:10]>>[C:1]([C:2]1=[C:4]([H:13])[C:3]1([H:11])[H:12])([H:8])([H:9])[H:10].[C:5](=[O:6])=[O:7]
318,0,310,243,[O:1]=[C:2]1[O:3][C:4]([H:8])([H:9])[C@@:5]12[C:6]([H:10])([H:11])[O:7]2>>[C:4](=[C:5]1[C:6]([H:10])([H:11])[O:7]1)([H:8])[H:9].[O:1]=[C:2]=[O:3]
319,0,311,244,[O:1]([C:2]([C@@:3]1([H:11])[C:4]([H:12])([H:13])[C@:5]1([C:6]#[C:7][H:15])[H:14])([H:9])[H:10])[H:8]>>[O:1](/[C:2](=[C:3](/[C:4]([C:5](=[C:6]=[C:7]([H:9])[H:15])[H:14])([H:12])[H:13])[H:11])[H:10])[H:8]
323,0,312,245,[C:1]([C@:2]12[C:3]([H:11])([H:12])[O:4][C@@:5]1([H:13])[C@:6]2([O:7][H:15])[H:14])([H:8])([H:9])[H:10]>>[C:1](/[C:2]([C:3]([O:4][H:15])([H:11])[H:12])=[C:5](/[C:6](=[O:7])[H:14])[H:13])([H:8])([H:9])[H:10]
324,0,313,246,[C:1]1([H:8])([H:9])[C@:2]2([H:10])[O:3][C@:4]3([H:11])[C:5]([H:12])([H:13])[N:6]1[C@:7]23[H:14]>>[C:1]1([H:8])([H:9])[C:2]([H:10])=[C:7]([H:14])[N:6]1[C:5]([C:4](=[O:3])[H:11])([H:12])[H:13]
325,0,314,247,[N:1]#[C:2][C@@:3]1([H:8])[O:4][C@@:5]2([H:9])[C:6]([H:10])([H:11])[C@@:7]12[H:12]>>[N:1]#[C:2]/[C:3](=[C:7](\[C:6]([C:5](=[O:4])[H:9])([H:10])[H:11])[H:12])[H:8]
326,0,315,248,[C:1]([C:2]([O:3][H:11])([C:4](=[O:5])[H:12])[C:6](=[O:7])[H:13])([H:8])([H:9])[H:10]>>[C:1]([C:2](=[O:3])[C@@:6]([C:4](=[O:5])[H:12])([O:7][H:11])[H:13])([H:8])([H:9])[H:10]
327,1,316,248,[C:1]([C:2]([O:3][H:11])([C:4](=[O:5])[H:12])[C:6](=[O:7])[H:13])([H:8])([H:9])[H:10]>>[C:1](/[C:2]([O:3][C:4](=[O:5])[H:12])=[C:6](/[O:7][H:11])[H:13])([H:8])([H:9])[H:10]
328,0,317,249,[O:1]([C@@:2]1([H:9])[C:3]([H:10])([H:11])[C@:4]2([H:12])[C:5]([H:13])([H:14])[C@@:6]1([H:15])[O:7]2)[H:8]>>[O:1]=[C:2]([C@@:6]([C:5]([C:4](=[C:3]([H:10])[H:11])[H:12])([H:13])[H:14])([O:7][H:8])[H:15])[H:9]
329,1,318,249,[O:1]([C@@:2]1([H:9])[C:3]([H:10])([H:11])[C@:4]2([H:12])[C:5]([H:13])([H:14])[C@@:6]1([H:15])[O:7]2)[H:8]>>[O:1]([C@@:2]([C:3]([C:4](=[O:7])[H:12])([H:10])[H:11])([C:6](=[C:5]([H:13])[H:14])[H:15])[H:9])[H:8]
330,0,319,250,[C:1]([C@@:2]1([H:11])[C@@:3]2([H:12])[C:4]([H:13])([H:14])[C:5]([H:15])=[C:6]([H:16])[C@@:7]12[H:17])([H:8])([H:9])[H:10]>>[C:1](=[C:2]([C@@:3]1([H:12])[C:4]([H:13])([H:14])[C:5]([H:9])([H:15])[C:6]([H:16])=[C:7]1[H:17])[H:11])([H:8])[H:10]
331,0,320,251,[N:1]([C:2]1=[C:3]([H:10])[N:4]([H:11])[C:5]([O:6][H:12])=[N:7]1)([H:8])[H:9]>>[N:1]([C:2]1=[C:3]([H:10])[N:4]([H:11])[C:5](=[O:6])[N:7]1[H:12])([H:8])[H:9]
